,college_names,overall_score,acceptance_rate,Est_full_price_22_23,Est_price_with_avg_grant,percent_of_student_who_get_grants,graduation_rate,early_career_earnings,avg_price_for_low_income_students,sat_act_required,undergrad_enrollment,percent_of_students_with_need_who_get_grants,percent_of_need_met,percent_of_students_who_get_merit_grants,avg_merit_grant,avg_time_to_a_degree_years,median_student_debt,percent_earning_more_than_a_high_school_grad,Town,State,median_sat,median_act
0,University of Michigan,89.41,23.0,32400.0,18800.0,53.0,92.0,75840.0,2670.0,No,31050.0,81.0,92.0,11.0,5670.0,4.2,18526.0,81.0,Ann Arbor, MI,1440.0,33.0
1,University of North Carolina at Chapel Hill,86.22,23.0,25200.0,10600.0,53.0,89.0,61920.0,3750.0,No,19010.0,90.0,100.0,5.0,7030.0,4.1,14500.0,78.0,Chapel Hill, NC,1410.0,31.0
2,University of Virginia,86.11,24.0,36700.0,20100.0,48.0,94.0,77050.0,12480.0,No,16720.0,91.0,100.0,4.0,5630.0,4.1,18250.0,84.0,Charlottesville, VA,1430.0,32.0
3,Massachusetts Maritime Academy,86.07,91.0,31600.0,18600.0,43.0,73.0,91670.0,6380.0,No,1650.0,56.0,71.0,11.0,5530.0,4.2,26000.0,91.0,Buzzards Bay, MA,1100.0,22.0
4,Virginia Military Institute,85.14,60.0,33300.0,20000.0,85.0,78.0,71910.0,10560.0,No,1700.0,77.0,88.0,14.0,13100.0,4.1,21500.0,85.0,Lexington, VA,1180.0,25.0
5,Georgia Institute of Technology,84.87,21.0,30600.0,18400.0,71.0,87.0,88200.0,8820.0,Yes,15170.0,92.0,60.0,34.0,10200.0,4.5,22250.0,89.0,Atlanta, GA,1410.0,32.0
6,University of Illinois at Urbana-Champaign,84.78,59.0,32000.0,14300.0,61.0,84.0,71540.0,4860.0,No,33080.0,84.0,70.0,12.0,6600.0,4.2,19500.0,84.0,Champaign, IL,1340.0,29.0
7,University of Florida,83.65,37.0,22000.0,10600.0,85.0,88.0,64460.0,70.0,Yes,34520.0,68.0,98.0,7.0,3310.0,4.3,15580.0,77.0,Gainesville, FL,1390.0,31.0
8,University of California Irvine,83.49,27.0,37100.0,13800.0,69.0,83.0,71960.0,6540.0,No,30370.0,97.0,82.0,3.0,9230.0,4.2,15060.0,77.0,Irvine, CA,1300.0,29.0
9,University of California Davis,83.13,39.0,38700.0,18000.0,69.0,86.0,69770.0,10010.0,No,30960.0,97.0,79.0,4.0,6600.0,4.3,13199.0,78.0,Davis, CA,1290.0,28.0
10,Washington and Lee University,82.39,19.0,79800.0,28700.0,61.0,95.0,86020.0,210.0,No,1840.0,100.0,100.0,8.0,40950.0,4.0,19500.0,86.0,Lexington, VA,1430.0,33.0
11,University of California San Diego,82.21,31.0,36300.0,16100.0,59.0,86.0,74770.0,9820.0,No,30790.0,96.0,83.0,1.0,10300.0,4.3,16500.0,79.0,La Jolla, CA,1370.0,30.0
12,Babson College,82.04,26.0,77000.0,33300.0,43.0,91.0,106600.0,21450.0,No,2320.0,97.0,96.0,5.0,21910.0,4.0,22750.0,85.0,Wellesley, MA,1360.0,30.0
13,New Jersey Institute of Technology,81.81,73.0,39700.0,19400.0,69.0,65.0,80040.0,12780.0,No,8130.0,96.0,55.0,10.0,14680.0,4.5,21500.0,85.0,Newark, NJ,1290.0,28.0
14,California State University Maritime Academy,81.79,76.0,29200.0,22200.0,56.0,61.0,91460.0,13470.0,No,910.0,83.0,73.5,1.0,6000.0,4.2,25000.0,85.0,Vallejo, CA,1170.0,25.0
15,Maine Maritime Academy,81.45,45.0,29500.0,19800.0,67.0,73.0,72840.0,19140.0,No,990.0,72.0,43.0,5.0,4370.0,4.2,27000.0,86.0,Castine, ME,1110.0,24.0
16,University of Wisconsin-Madison,81.41,54.0,27900.0,14800.0,42.0,87.0,65210.0,3980.0,No,31190.0,77.0,80.0,7.0,4780.0,4.3,20500.0,84.0,Madison, WI,1390.0,30.0
17,California State University Long Beach,81.39,39.0,24900.0,11200.0,72.0,69.0,57120.0,6660.0,No,32900.0,94.0,53.0,1.0,3640.0,4.7,14882.0,72.0,Long Beach, CA,1150.0,23.0
18,California State University Stanislaus,81.37,89.0,24300.0,7800.0,82.0,58.0,53960.0,4120.0,No,9690.0,96.0,89.0,3.0,1900.0,4.9,14146.0,70.0,Turlock, CA,1170.0,25.0
19,Berea College,81.28,30.0,57200.0,5200.0,100.0,63.0,37150.0,4530.0,No,1650.0,100.0,93.0,17.0,11700.0,4.3,3700.0,49.0,Berea, KY,1190.0,25.0
20,Lehigh University,81.1,32.0,74100.0,30700.0,52.0,88.0,95030.0,15560.0,No,5160.0,100.0,98.0,3.0,5360.0,4.1,23000.0,91.0,Bethlehem, PA,1370.0,31.0
21,Virginia Polytechnic Institute and State University,80.97,70.0,28500.0,21400.0,57.0,83.0,73160.0,11930.0,No,29200.0,75.0,54.0,9.0,3610.0,4.3,22406.0,85.0,Blacksburg, VA,1290.0,28.0
22,Wellesley College,80.54,22.0,80500.0,22800.0,60.0,93.0,66530.0,9670.0,No,2390.0,97.0,100.0,17.0,11700.0,4.1,10700.0,80.0,Wellesley, MA,1450.0,33.0
23,Bentley University,80.4,47.0,76100.0,45200.0,75.0,89.0,107970.0,23300.0,No,4160.0,97.0,85.0,25.0,20120.0,4.1,25000.0,92.0,Waltham, MA,1320.0,29.0
24,California Polytechnic State University San Luis Obispo,80.31,28.0,29700.0,21600.0,53.0,82.0,80640.0,12170.0,No,20450.0,84.0,49.0,7.0,1470.0,4.4,19500.0,86.0,San Luis Obispo, CA,1340.0,29.0
25,University of Washington-Seattle Campus,79.77,52.0,30100.0,10200.0,48.0,83.0,68930.0,5190.0,No,30840.0,87.0,78.0,10.0,4350.0,4.2,15000.0,81.0,Seattle, WA,1350.0,30.0
26,Texas A & M University-College Station,79.45,58.0,32300.0,21000.0,62.0,82.0,66570.0,11220.0,No,53120.0,85.0,69.0,12.0,4360.0,4.4,18265.0,82.0,College Station, TX,1280.0,29.0
27,California State Polytechnic University Pomona,79.35,55.0,29000.0,15300.0,69.0,71.0,63730.0,10350.0,No,26370.0,80.0,50.0,17.0,11700.0,4.7,16500.0,78.0,Pomona, CA,1140.0,23.0
28,California State University Fresno,78.95,58.0,22900.0,7300.0,78.0,54.0,52200.0,3860.0,No,21160.0,88.0,66.0,3.0,2980.0,4.9,14667.0,68.0,Fresno, CA,1040.0,19.0
29,California State University Fullerton,78.47,53.0,29500.0,8800.0,68.0,68.0,54590.0,4590.0,No,35090.0,86.0,87.0,3.0,1620.0,4.8,14000.0,73.0,Fullerton, CA,1120.0,22.0
30,San Jose State University,78.41,64.0,29800.0,16900.0,60.0,65.0,67370.0,12160.0,No,27720.0,89.0,83.0,17.0,11700.0,4.9,15513.0,80.0,San Jose, CA,1140.0,23.0
31,College of the Holy Cross,78.07,34.0,74300.0,33900.0,64.0,92.0,84650.0,14540.0,No,2930.0,80.0,100.0,5.0,20390.0,4.0,27000.0,83.0,Worcester, MA,1350.0,30.0
32,St. Olaf College,78.03,48.0,66800.0,29400.0,96.0,86.0,60240.0,11110.0,No,3030.0,99.0,97.0,21.0,19250.0,4.0,24533.0,72.0,Northfield, MN,1310.0,29.0
33,Iowa State University,78.0,92.0,22600.0,17000.0,97.0,74.0,57350.0,9770.0,No,27930.0,98.0,79.0,36.0,4060.0,4.4,22754.0,79.0,Ames, IA,1220.0,25.0
34,The University of Texas at Austin,77.77,32.0,29700.0,17800.0,49.0,83.0,67840.0,13750.0,No,39780.0,78.0,66.0,4.0,1900.0,4.2,20250.0,80.0,Austin, TX,1360.0,30.0
35,Stevens Institute of Technology,77.73,40.0,76500.0,42600.0,95.0,87.0,98160.0,27390.0,No,3640.0,99.0,66.0,29.0,19120.0,4.4,27000.0,93.0,Hoboken, NJ,1420.0,33.0
36,Boston College,77.64,27.0,80800.0,31900.0,48.0,92.0,93020.0,10210.0,No,9640.0,90.0,100.0,2.0,23680.0,4.0,18000.0,86.0,Chestnut Hill, MA,1420.0,33.0
37,Saint Johns University,77.46,78.0,63800.0,29700.0,99.0,75.0,68720.0,15310.0,No,1620.0,99.0,90.0,20.0,17980.0,4.1,27000.0,85.0,Collegeville, MN,1090.0,25.0
38,The College of New Jersey,77.44,49.0,36500.0,26000.0,43.0,86.0,65480.0,14270.0,No,6750.0,48.0,44.0,10.0,5340.0,4.2,23250.0,86.0,Ewing, NJ,1260.0,28.0
39,University of California Riverside,77.38,57.0,36500.0,12600.0,91.0,74.0,58880.0,6810.0,No,22020.0,96.0,82.0,2.0,7510.0,4.2,18000.0,71.0,Riverside, CA,1230.0,27.0
40,Missouri University of Science and Technology,77.35,79.0,24600.0,14200.0,84.0,62.0,80290.0,7360.0,No,6400.0,91.0,80.0,31.0,8800.0,4.8,23750.0,84.0,Rolla, MO,1330.0,29.0
41,Lafayette College,76.92,31.0,76100.0,30300.0,55.0,87.0,84940.0,11730.0,No,2640.0,97.0,100.0,7.0,27560.0,4.1,17500.0,84.0,Easton, PA,1350.0,31.0
42,California State University Los Angeles,76.88,48.0,29900.0,4100.0,86.0,48.0,52000.0,1890.0,No,22740.0,95.0,63.0,17.0,11700.0,5.1,13219.0,69.0,Los Angeles, CA,990.0,18.0
43,CUNY Bernard M. Baruch College,76.68,43.0,34700.0,4100.0,71.0,66.0,67140.0,490.0,No,15070.0,92.0,73.5,3.0,1290.0,4.4,11130.0,78.0,New York, NY,1260.0,25.0
44,Wake Forest University,76.67,30.0,79400.0,27800.0,48.0,88.0,74970.0,10400.0,No,5290.0,97.0,100.0,5.0,23220.0,4.0,21226.0,82.0,Winston-Salem, NC,1170.0,25.0
45,University of Minnesota-Twin Cities,76.44,57.0,29600.0,18700.0,56.0,80.0,61200.0,7700.0,No,31370.0,87.0,75.0,11.0,5090.0,4.2,19500.0,81.0,Minneapolis, MN,1370.0,29.0
46,University of California Santa Barbara,76.35,30.0,38000.0,18200.0,63.0,82.0,66490.0,10570.0,No,23340.0,95.0,76.0,2.0,8320.0,4.2,14500.0,76.0,Santa Barbara, CA,1360.0,31.0
47,California State University Chico,76.33,72.0,25400.0,17000.0,64.0,66.0,56270.0,11750.0,No,16040.0,92.0,59.0,4.0,2200.0,4.7,16931.0,73.0,Chico, CA,1090.0,21.0
48,California State University Sacramento,76.3,82.0,28600.0,12100.0,72.0,51.0,56810.0,8160.0,No,28720.0,96.0,55.0,17.0,11700.0,4.9,15000.0,76.0,Sacramento, CA,1040.0,19.0
49,College of Saint Benedict,76.21,80.0,64000.0,29500.0,99.0,79.0,56370.0,17110.0,No,1740.0,95.0,90.0,25.0,23970.0,4.1,27000.0,82.0,Saint Joseph, MN,1150.0,25.0
50,California State University Dominguez Hills,76.2,77.0,26900.0,4900.0,82.0,45.0,47340.0,2660.0,No,15330.0,85.0,31.0,1.0,3770.0,5.0,14019.0,69.0,Carson, CA,1170.0,25.0
51,Dickinson College,76.15,40.0,76500.0,39400.0,80.0,85.0,69560.0,12730.0,No,2100.0,98.0,99.0,15.0,15260.0,4.0,19000.0,76.0,Carlisle, PA,1170.0,25.0
52,California State University Northridge,76.07,59.0,24000.0,9400.0,75.0,54.0,53360.0,6270.0,No,34710.0,86.0,73.5,17.0,2100.0,4.9,14000.0,68.0,Northridge, CA,1020.0,19.0
53,California State University San Bernardino,76.06,69.0,23200.0,9000.0,80.0,57.0,50960.0,5990.0,No,17960.0,95.0,61.0,17.0,11700.0,4.9,15000.0,68.0,San Bernardino, CA,1000.0,17.0
54,San Diego State University,76.0,34.0,31100.0,13900.0,53.0,74.0,59030.0,7170.0,No,30350.0,66.0,65.0,7.0,2530.0,4.5,15000.0,74.0,San Diego, CA,1220.0,26.0
55,Trinity College,76.0,33.0,79000.0,27700.0,51.0,85.0,68320.0,9350.0,No,2170.0,97.0,100.0,1.0,51980.0,4.1,23000.0,86.0,Hartford, CT,1370.0,31.0
56,University of Illinois at Chicago,75.82,73.0,31800.0,13300.0,72.0,59.0,59780.0,10550.0,No,21310.0,92.0,66.0,7.0,5360.0,4.5,17250.0,76.0,Chicago, IL,1150.0,25.0
57,Purdue University,75.72,60.0,23400.0,13000.0,50.0,81.0,65260.0,6000.0,No,34380.0,77.0,78.0,14.0,5380.0,4.3,19500.0,82.0,West Lafayette, IN,1320.0,29.0
58,Colorado School of Mines,75.68,53.0,38200.0,29200.0,76.0,83.0,90060.0,16980.0,No,5100.0,58.0,58.0,33.0,8400.0,4.2,23250.0,90.0,Golden, CO,1310.0,30.0
59,Gettysburg College,75.65,48.0,76500.0,36800.0,96.0,82.0,65930.0,14210.0,No,2370.0,98.0,90.0,25.0,19700.0,4.1,26930.0,87.0,Gettysburg, PA,1170.0,25.0
60,Michigan Technological University,75.64,74.0,32200.0,18300.0,94.0,68.0,73540.0,5520.0,No,5680.0,77.0,72.0,27.0,6090.0,4.7,25500.0,81.0,Houghton, MI,1270.0,28.0
61,California State University East Bay,75.44,76.0,28200.0,14000.0,68.0,48.0,60920.0,9980.0,No,13100.0,94.0,55.0,17.0,11700.0,4.9,15500.0,76.0,Hayward, CA,1170.0,25.0
62,Gustavus Adolphus College,75.44,69.0,63000.0,28200.0,97.0,78.0,59180.0,15740.0,No,2220.0,85.0,92.0,25.0,26170.0,4.1,27000.0,81.0,Saint Peter, MN,1170.0,25.0
63,SUNY Maritime College,75.39,74.0,28100.0,19500.0,55.0,66.0,84440.0,11450.0,No,1510.0,76.0,26.0,7.0,1700.0,4.5,23250.0,86.0,Throggs Neck, NY,1180.0,25.0
64,Michigan State University,75.15,71.0,30000.0,17600.0,60.0,79.0,61100.0,6930.0,Yes,38950.0,74.0,53.0,11.0,8980.0,4.3,23733.0,79.0,East Lansing, MI,1210.0,26.0
65,Bradley University,75.13,70.0,51600.0,27300.0,96.0,78.0,61890.0,16590.0,No,4630.0,98.0,75.0,26.0,12930.0,4.3,27000.0,79.0,Peoria, IL,1170.0,25.0
66,University of Connecticut,75.03,49.0,36100.0,23500.0,65.0,83.0,72460.0,14070.0,No,18590.0,69.0,59.0,15.0,9530.0,4.2,21500.0,82.0,Storrs, CT,1310.0,29.0
67,University of Maryland-College Park,75.01,44.0,28600.0,18600.0,51.0,85.0,71840.0,6070.0,No,29910.0,78.0,62.0,17.0,5840.0,4.2,19500.0,83.0,College Park, MD,1380.0,32.0
68,Centre College,74.82,76.0,60400.0,24000.0,98.0,81.0,57980.0,12300.0,No,1400.0,100.0,89.0,38.0,29020.0,4.0,27000.0,73.0,Danville, KY,1260.0,29.0
69,Towson University,74.77,76.0,29500.0,17000.0,56.0,73.0,57870.0,7960.0,No,19460.0,61.0,60.0,7.0,4850.0,4.4,18750.0,78.0,Towson, MD,1140.0,23.0
70,Worcester Polytechnic Institute,74.7,49.0,74300.0,48400.0,94.0,87.0,89410.0,31780.0,No,4660.0,98.0,82.0,38.0,18260.0,4.1,27000.0,93.0,Worcester, MA,1170.0,25.0
71,George Mason University,74.68,87.0,30800.0,19300.0,59.0,70.0,66150.0,14780.0,No,26010.0,84.0,54.0,20.0,3530.0,4.4,19750.0,80.0,Fairfax, VA,1220.0,27.0
72,North Carolina State University at Raleigh,74.28,45.0,25200.0,15400.0,56.0,78.0,61350.0,7280.0,No,24240.0,94.0,77.0,6.0,5080.0,4.3,20311.0,80.0,Raleigh, NC,1340.0,30.0
73,Saint Mary's College,74.23,81.0,63800.0,28600.0,98.0,77.0,56660.0,12060.0,No,1430.0,100.0,87.0,11.0,21820.0,4.0,27000.0,78.0,Notre Dame, IN,1160.0,26.0
74,San Francisco State University,74.21,67.0,27900.0,15600.0,61.0,55.0,60130.0,10710.0,No,25130.0,86.0,62.0,2.0,2430.0,4.7,15369.0,76.0,San Francisco, CA,1050.0,20.0
75,The University of Texas Rio Grande Valley,74.15,80.0,22300.0,4700.0,84.0,48.0,45900.0,2190.0,Yes,24900.0,98.0,71.0,7.0,2330.0,4.6,12981.0,59.0,Edinburg, TX,1040.0,20.0
76,California State University San Marcos,74.06,62.0,25800.0,13700.0,67.0,55.0,54810.0,9400.0,No,14770.0,91.0,43.0,1.0,940.0,4.9,17134.0,72.0,San Marcos, CA,1050.0,20.0
77,Citadel Military College of South Carolina,73.86,75.0,31300.0,18900.0,65.0,71.0,67770.0,7450.0,No,2910.0,83.0,67.0,26.0,16140.0,4.1,23000.0,84.0,Charleston, SC,1140.0,23.0
78,California State University Monterey Bay,73.84,75.0,24900.0,14800.0,69.0,60.0,53190.0,9190.0,No,6620.0,77.0,75.0,4.0,1830.0,4.6,13750.0,69.0,Seaside, CA,1060.0,20.0
79,University of California Merced,73.8,72.0,37700.0,14300.0,93.0,66.0,61150.0,10360.0,No,8150.0,99.0,78.0,17.0,9980.0,4.4,17500.0,71.0,Merced, CA,1090.0,22.0
80,Thomas Jefferson University,73.71,66.0,63500.0,30900.0,85.0,62.0,67810.0,21410.0,No,3600.0,91.0,53.0,13.0,15560.0,4.2,22750.0,84.0,Philadelphia, PA,1170.0,25.0
81,Marquette University,73.64,83.0,64400.0,36700.0,95.0,85.0,72490.0,18590.0,No,8260.0,98.0,80.0,38.0,15580.0,4.2,24000.0,85.0,Milwaukee, WI,1220.0,27.0
82,Clarkson University,73.59,75.0,74300.0,32000.0,96.0,76.0,81360.0,16670.0,No,2980.0,99.0,90.0,18.0,29660.0,4.2,26896.0,85.0,Potsdam, NY,1260.0,27.0
83,Carleton College,73.54,19.0,79300.0,32600.0,61.0,93.0,67130.0,6210.0,No,2070.0,100.0,100.0,1.0,4370.0,4.1,17287.0,71.0,Northfield, MN,1450.0,33.0
84,University of Wisconsin-La Crosse,73.38,73.0,18400.0,13000.0,42.0,70.0,54140.0,7520.0,No,9460.0,67.0,73.0,7.0,1310.0,4.4,22297.0,81.0,La Crosse, WI,1170.0,25.0
85,James Madison University,73.37,77.0,29600.0,19600.0,35.0,84.0,61270.0,14290.0,No,19660.0,63.0,35.0,1.0,6730.0,4.2,20500.0,82.0,Harrisonburg, VA,1210.0,26.0
86,Simpson College,73.28,80.0,57500.0,21600.0,96.0,70.0,50630.0,15260.0,No,1300.0,98.0,82.0,12.0,26440.0,4.1,26000.0,76.0,Indianola, IA,1140.0,22.0
87,University of Northern Iowa,73.27,79.0,21900.0,17100.0,67.0,65.0,49560.0,10510.0,No,8790.0,56.0,66.0,18.0,3280.0,4.4,20000.0,77.0,Cedar Falls, IA,1110.0,23.0
88,Florida State University,73.2,36.0,23800.0,13500.0,85.0,82.0,53450.0,4950.0,Yes,32880.0,91.0,63.0,8.0,3200.0,4.2,18750.0,74.0,Tallahassee, FL,1270.0,28.0
89,Sonoma State University,73.2,91.0,27500.0,18200.0,60.0,63.0,58790.0,12800.0,No,8120.0,93.0,57.0,1.0,1340.0,4.5,17999.0,75.0,Rohnert Park, CA,1070.0,20.0
90,Binghamton University,73.19,41.0,28400.0,20100.0,57.0,82.0,72980.0,13380.0,No,14160.0,86.0,73.0,5.0,9260.0,4.1,18750.0,79.0,Vestal, NY,1360.0,31.0
91,Indiana University-Bloomington,73.03,78.0,26900.0,13900.0,71.0,78.0,58810.0,5750.0,No,32790.0,81.0,70.0,31.0,7100.0,4.2,19500.0,75.0,Bloomington, IN,1260.0,28.0
92,DePauw University,72.88,64.0,70800.0,31900.0,96.0,85.0,62460.0,19500.0,No,1940.0,97.0,88.0,40.0,27000.0,4.0,27000.0,75.0,Greencastle, IN,1250.0,27.0
93,Santa Clara University,72.88,49.0,75000.0,51000.0,72.0,91.0,93290.0,26430.0,No,5680.0,70.0,85.0,33.0,16360.0,4.1,19500.0,87.0,Santa Clara, CA,1360.0,30.0
94,University of Georgia,72.87,45.0,28400.0,17500.0,88.0,84.0,59770.0,8300.0,Yes,29730.0,93.0,74.0,3.0,3240.0,4.3,18625.0,77.0,Athens, GA,1330.0,30.0
95,Franklin & Marshall College,72.84,30.0,80200.0,29600.0,63.0,83.0,72230.0,14020.0,No,2310.0,100.0,100.0,1.0,10290.0,4.1,19500.0,79.0,Lancaster, PA,1170.0,25.0
96,California State University Channel Islands,72.81,86.0,28700.0,15900.0,70.0,55.0,51900.0,12010.0,No,7090.0,94.0,73.5,17.0,11700.0,4.7,15312.0,72.0,Camarillo, CA,1170.0,25.0
97,Rensselaer Polytechnic Institute,72.71,47.0,77900.0,42900.0,87.0,86.0,93420.0,22880.0,No,6200.0,100.0,18.0,30.0,23110.0,4.2,24194.0,90.0,Troy, NY,1390.0,31.0
98,Simmons University,72.71,73.0,61400.0,30600.0,95.0,80.0,56050.0,21080.0,No,1740.0,100.0,84.0,26.0,21960.0,4.1,25000.0,78.0,Boston, MA,1200.0,26.0
99,University of North Texas at Dallas,72.71,47.0,23300.0,9000.0,85.0,30.0,54305.0,6430.0,Yes,3420.0,83.0,46.0,17.0,6010.0,4.4,18502.0,73.0,Dallas, TX,840.0,19.0
100,St. Mary's College of Maryland,72.6,84.0,32100.0,21400.0,85.0,79.0,55340.0,6400.0,No,1470.0,86.0,72.0,33.0,4180.0,4.1,22000.0,69.0,St. Mary's City, MD,1180.0,25.0
101,Milwaukee School of Engineering,72.49,62.0,58500.0,28000.0,96.0,73.0,81330.0,19590.0,No,2550.0,100.0,78.0,19.0,16190.0,4.4,27000.0,90.0,Milwaukee, WI,1280.0,28.0
102,University of Delaware,72.48,71.0,31800.0,20900.0,64.0,79.0,67300.0,13730.0,No,19050.0,88.0,54.0,12.0,8510.0,4.2,24572.0,84.0,Newark, DE,1260.0,27.0
103,William & Mary,72.47,38.0,41200.0,19600.0,48.0,91.0,64720.0,5970.0,No,6240.0,89.0,80.0,5.0,8640.0,4.1,19022.0,77.0,Williamsburg, VA,1420.0,32.0
104,Rockhurst University,72.29,64.0,57400.0,22700.0,67.0,75.0,58920.0,13440.0,No,1490.0,100.0,84.0,16.0,20680.0,4.1,19500.0,81.0,Kansas City, MO,1170.0,24.0
105,Wheaton College,72.29,85.0,54400.0,29000.0,84.0,87.0,53470.0,15930.0,No,2360.0,98.0,74.0,25.0,12280.0,4.1,23000.0,72.0,Wheaton, IL,1330.0,29.0
106,University of St. Francis,72.03,46.0,50400.0,17700.0,86.0,62.0,59500.0,13720.0,No,1650.0,100.0,78.0,9.0,14240.0,4.4,23025.0,78.0,Joliet, IL,1130.0,24.0
107,Union College,71.95,43.0,78100.0,39700.0,82.0,87.0,71060.0,12750.0,No,2160.0,100.0,100.0,29.0,14600.0,4.1,25831.0,84.0,Schenectady, NY,1320.0,30.0
108,University of Central Florida,71.95,44.0,23500.0,11700.0,72.0,72.0,51910.0,4470.0,Yes,58940.0,73.0,65.0,6.0,3490.0,4.5,18635.0,72.0,Orlando, FL,1260.0,28.0
109,Siena College,71.88,81.0,61500.0,31300.0,92.0,74.0,66480.0,21340.0,No,3150.0,100.0,77.0,20.0,14500.0,4.1,26849.0,84.0,Loudonville, NY,1170.0,25.0
110,Smith College,71.84,32.0,78000.0,30000.0,71.0,89.0,56420.0,9220.0,No,2530.0,97.0,100.0,8.0,17540.0,4.1,19000.0,71.0,Northampton, MA,1170.0,25.0
111,Winona State University,71.66,68.0,23300.0,18100.0,91.0,62.0,51350.0,11720.0,No,6800.0,85.0,55.0,17.0,2780.0,4.4,22250.0,80.0,Winona, MN,1110.0,22.0
112,The College of Saint Scholastica,71.59,76.0,54800.0,24500.0,86.0,69.0,58750.0,17810.0,No,2440.0,65.0,73.0,9.0,20710.0,4.1,20000.0,83.0,Duluth, MN,1170.0,24.0
113,SUNY Oneonta,71.55,56.0,27000.0,17600.0,65.0,76.0,51980.0,11700.0,No,6050.0,84.0,72.0,4.0,3160.0,4.1,19500.0,73.0,Oneonta, NY,1080.0,24.0
114,Drake University,71.46,68.0,62000.0,32000.0,97.0,77.0,63530.0,25310.0,No,2900.0,97.0,79.0,31.0,22190.0,4.1,22625.0,82.0,Des Moines, IA,1240.0,28.0
115,Truman State University,71.41,63.0,22900.0,13300.0,83.0,72.0,50720.0,7210.0,No,4380.0,95.0,84.0,42.0,6280.0,4.2,21500.0,69.0,Kirksville, MO,1250.0,28.0
116,Villanova University,71.4,28.0,78000.0,40400.0,55.0,90.0,90610.0,24910.0,No,6780.0,90.0,80.0,8.0,17560.0,4.0,26000.0,91.0,Villanova, PA,1400.0,33.0
117,Illinois State University,71.32,82.0,32600.0,22100.0,75.0,69.0,55460.0,13780.0,No,18200.0,56.0,56.0,14.0,3560.0,4.3,20000.0,80.0,Normal, IL,1120.0,23.0
118,Illinois Wesleyan University,71.26,61.0,67500.0,34400.0,100.0,79.0,66970.0,19290.0,No,1620.0,100.0,83.0,26.0,23610.0,4.1,27000.0,80.0,Bloomington, IL,1220.0,27.0
119,Goshen College,71.15,63.0,51100.0,18700.0,94.0,69.0,46190.0,14160.0,No,800.0,100.0,82.0,23.0,17490.0,4.1,21374.0,69.0,Goshen, IN,1110.0,25.0
120,University of Utah,71.11,62.0,25000.0,13600.0,61.0,57.0,60590.0,10430.0,No,23430.0,86.0,59.0,34.0,7340.0,4.6,18750.0,73.0,Salt Lake City, UT,1260.0,26.0
121,Judson University,71.06,39.0,45600.0,16900.0,70.0,63.0,49210.0,17640.0,No,1030.0,70.0,48.0,19.0,14680.0,4.2,24899.0,70.0,Elgin, IL,990.0,22.0
122,Manhattan College,71.06,74.0,68400.0,33800.0,97.0,74.0,83120.0,26570.0,No,3540.0,82.0,45.0,24.0,14880.0,4.2,26000.0,86.0,Riverdale, NY,1170.0,26.0
123,University of Wisconsin-Stout,71.05,91.0,21200.0,15800.0,45.0,57.0,52280.0,10070.0,No,7180.0,54.0,81.0,7.0,1940.0,4.6,23825.0,78.0,Menomonie, WI,1170.0,22.0
124,Wabash College,71.04,64.0,61300.0,25800.0,100.0,71.0,63430.0,16640.0,No,870.0,99.0,94.0,23.0,29200.0,4.1,27000.0,79.0,Crawfordsville, IN,1220.0,26.0
125,Beloit College,70.99,62.0,67300.0,25800.0,92.0,79.0,50500.0,7970.0,No,1070.0,99.0,95.0,32.0,35720.0,4.2,26000.0,60.0,Beloit, WI,1230.0,27.0
126,Martin Luther College,70.96,84.0,28800.0,22600.0,83.0,72.0,40820.0,23660.0,Yes,780.0,100.0,65.0,15.0,2960.0,4.5,19975.0,59.0,New Ulm, MN,1200.0,25.0
127,Rutgers University-New Brunswick,70.95,61.0,33900.0,18800.0,52.0,78.0,65660.0,14940.0,No,35760.0,70.0,44.0,2.0,10930.0,4.2,21980.0,80.0,New Brunswick, NJ,1320.0,29.0
128,John Brown University,70.82,76.0,42700.0,22800.0,76.0,65.0,51790.0,18140.0,No,1450.0,92.0,73.0,33.0,12030.0,4.2,21500.0,69.0,Siloam Springs, AR,1160.0,26.0
129,Illinois Institute of Technology,70.72,60.0,73200.0,29700.0,95.0,72.0,77680.0,18520.0,No,3030.0,100.0,80.0,32.0,25430.0,4.6,24250.0,85.0,Chicago, IL,1300.0,29.0
130,University of the Pacific,70.66,66.0,70800.0,34600.0,91.0,69.0,74210.0,22790.0,No,3590.0,98.0,67.0,17.0,17090.0,4.4,19500.0,82.0,Stockton, CA,1240.0,27.0
131,Fresno Pacific University,70.65,66.0,46900.0,19800.0,84.0,66.0,49070.0,17540.0,No,2870.0,77.0,50.0,9.0,10880.0,4.2,23219.0,68.0,Fresno, CA,1040.0,20.0
132,Bucknell University,70.63,34.0,78000.0,41600.0,51.0,88.0,88150.0,22720.0,No,3610.0,89.0,94.0,8.0,19840.0,4.1,26191.0,85.0,Lewisburg, PA,1340.0,30.0
133,Florida International University,70.56,58.0,24500.0,9500.0,74.0,57.0,54500.0,3200.0,Yes,41840.0,83.0,41.0,6.0,2350.0,4.5,17418.0,71.0,Miami, FL,1200.0,26.0
134,Stony Brook University,70.52,44.0,28500.0,17400.0,64.0,74.0,66680.0,11860.0,No,17770.0,88.0,65.0,11.0,5680.0,4.2,18750.0,77.0,Stony Brook, NY,1340.0,29.0
135,University of Iowa,70.52,83.0,26100.0,18400.0,68.0,72.0,58270.0,13550.0,No,22920.0,83.0,53.0,28.0,5730.0,4.3,22500.0,79.0,Iowa City, IA,1240.0,26.0
136,University of Richmond,70.5,28.0,74500.0,27100.0,72.0,87.0,69310.0,8010.0,No,3110.0,99.0,100.0,14.0,31880.0,4.1,20500.0,84.0,Richmond, VA,1380.0,32.0
137,Central College,70.45,65.0,34300.0,22900.0,96.0,72.0,49740.0,15500.0,No,1110.0,100.0,76.0,27.0,6810.0,4.1,27000.0,75.0,Pella, IA,1110.0,22.0
138,SUNY College at Plattsburgh,70.45,58.0,27600.0,16600.0,83.0,68.0,48340.0,10140.0,No,4790.0,86.0,67.0,13.0,5200.0,4.3,21000.0,71.0,Plattsburgh, NY,1080.0,22.0
139,University of Wisconsin-Eau Claire,70.39,82.0,21700.0,15100.0,49.0,67.0,51870.0,9550.0,No,10330.0,78.0,81.0,10.0,2090.0,4.4,21500.0,78.0,Eau Claire, WI,1170.0,24.0
140,State University of New York at New Paltz,70.25,45.0,27800.0,17000.0,65.0,76.0,52370.0,10840.0,No,6670.0,77.0,55.0,1.0,2580.0,4.2,18588.0,69.0,New Paltz, NY,1190.0,26.0
141,Concordia College at Moorhead,70.18,68.0,57600.0,25400.0,96.0,74.0,51990.0,19160.0,No,1930.0,99.0,89.0,24.0,21160.0,4.1,26490.0,78.0,Moorhead, MN,1150.0,24.0
142,Kalamazoo College,70.15,76.0,68100.0,29100.0,99.0,78.0,55290.0,17810.0,No,1270.0,99.0,93.0,26.0,29820.0,4.1,26103.0,69.0,Kalamazoo, MI,1270.0,28.0
143,University of Redlands,70.1,76.0,73600.0,31900.0,85.0,75.0,65550.0,20410.0,No,2970.0,99.0,83.0,20.0,15730.0,4.1,26249.0,75.0,Redlands, CA,1170.0,26.0
144,Ohio State University,69.98,54.0,29500.0,19900.0,68.0,83.0,55330.0,7070.0,No,45660.0,84.0,74.0,20.0,6240.0,4.3,20500.0,73.0,Columbus, OH,1360.0,30.0
145,Montclair State University,69.82,76.0,33000.0,15900.0,54.0,71.0,54290.0,12130.0,No,16480.0,70.0,45.0,4.0,3940.0,4.4,22507.0,73.0,Montclair, NJ,1090.0,25.0
146,Arizona State University,69.81,86.0,30400.0,15500.0,85.0,66.0,55750.0,8970.0,Yes,44040.0,96.0,62.0,14.0,7550.0,4.3,20000.0,75.0,Tempe, AZ,1240.0,25.0
147,University of the Sciences,69.72,71.0,50800.0,33300.0,97.0,73.0,98780.0,23590.0,No,1360.0,94.0,73.5,17.0,11700.0,4.1,27000.0,89.0,Philadelphia, PA,1220.0,26.0
148,Rose-Hulman Institute of Technology,69.69,74.0,73700.0,46000.0,97.0,81.0,94130.0,34000.0,No,1990.0,99.0,66.0,41.0,16640.0,4.1,25142.0,91.0,Terre Haute, IN,1350.0,30.0
149,Muhlenberg College,69.66,66.0,70200.0,37100.0,85.0,89.0,68630.0,18000.0,No,2230.0,96.0,84.0,31.0,18710.0,4.0,25987.0,75.0,Allentown, PA,1250.0,29.0
150,Colgate University,69.62,23.0,79800.0,27400.0,46.0,89.0,76270.0,10760.0,No,2960.0,99.0,100.0,17.0,11700.0,4.1,16000.0,83.0,Hamilton, NY,1420.0,33.0
151,West Texas A & M University,69.57,69.0,22400.0,13800.0,77.0,42.0,45740.0,12280.0,Yes,7340.0,91.0,56.0,14.0,3490.0,4.5,19500.0,67.0,Canyon, TX,1040.0,20.0
152,Vassar College,69.53,24.0,80400.0,27500.0,62.0,92.0,62330.0,10540.0,No,2420.0,100.0,100.0,17.0,11700.0,4.1,18707.0,72.0,Poughkeepsie, NY,1450.0,33.0
153,Texas A & M International University,69.49,54.0,21500.0,4400.0,83.0,44.0,46820.0,3090.0,Yes,7190.0,98.0,68.0,7.0,3250.0,4.6,15000.0,59.0,Laredo, TX,1010.0,18.0
154,Albion College,69.44,69.0,66500.0,20700.0,99.0,65.0,54790.0,10450.0,No,1450.0,100.0,91.0,16.0,33620.0,4.2,27000.0,71.0,Albion, MI,1100.0,24.0
155,Stockton University,69.41,76.0,31200.0,21700.0,63.0,74.0,51730.0,14720.0,No,8870.0,69.0,77.0,6.0,8100.0,4.2,21250.0,74.0,Galloway, NJ,1120.0,23.0
156,University of Minnesota-Morris,69.37,57.0,25600.0,11800.0,84.0,66.0,47370.0,3940.0,No,1400.0,94.0,73.5,17.0,11700.0,4.3,18768.0,70.0,Morris, MN,1170.0,25.0
157,SUNY Polytechnic Institute,69.3,69.0,24500.0,15400.0,75.0,56.0,57010.0,8330.0,No,2080.0,90.0,98.0,15.0,4410.0,4.3,17750.0,77.0,Utica, NY,1180.0,25.0
158,Gonzaga University,69.26,62.0,66600.0,38900.0,98.0,86.0,69470.0,20760.0,No,5130.0,91.0,80.0,49.0,18340.0,4.1,24250.0,86.0,Spokane, WA,1280.0,28.0
159,Macalester College,69.23,32.0,75800.0,37600.0,82.0,90.0,57130.0,13930.0,Yes,2080.0,99.0,99.0,15.0,17220.0,4.1,22500.0,63.0,Saint Paul, MN,1420.0,31.0
160,Loyola University Maryland,69.22,80.0,71700.0,39500.0,90.0,80.0,75660.0,27200.0,No,3900.0,78.0,85.0,37.0,20190.0,4.1,27000.0,91.0,Baltimore, MD,1170.0,25.0
161,Clemson University,69.21,51.0,33800.0,24200.0,82.0,83.0,63860.0,13740.0,No,20070.0,80.0,50.0,24.0,5420.0,4.3,21500.0,79.0,Clemson, SC,1320.0,30.0
162,University of Massachusetts-Amherst,69.2,64.0,33100.0,23800.0,73.0,79.0,62050.0,12030.0,No,23910.0,89.0,82.0,26.0,5940.0,4.1,23149.0,77.0,Amherst, MA,1290.0,29.0
163,Washington State University,69.19,76.0,29300.0,18900.0,69.0,59.0,61080.0,7690.0,No,25650.0,88.0,66.0,21.0,5150.0,4.5,20000.0,78.0,Pullman, WA,1130.0,23.0
164,Lewis University,69.18,64.0,50600.0,21100.0,91.0,63.0,55910.0,13280.0,No,4130.0,98.0,91.0,21.0,14590.0,4.3,22746.0,80.0,Romeoville, IL,1110.0,24.0
165,CUNY Lehman College,69.08,38.0,30000.0,4100.0,73.0,47.0,51660.0,880.0,No,11800.0,90.0,54.0,1.0,3450.0,4.6,10812.0,71.0,Bronx, NY,1070.0,25.0
166,Juniata College,69.08,71.0,66300.0,25900.0,100.0,79.0,57800.0,15800.0,No,1270.0,99.0,85.0,23.0,26490.0,4.1,27000.0,67.0,Huntingdon, PA,1170.0,25.0
167,Saint Vincent College,69.04,68.0,54800.0,22400.0,98.0,77.0,55540.0,15110.0,No,1510.0,66.0,85.0,21.0,22000.0,4.1,27000.0,75.0,Latrobe, PA,1140.0,24.0
168,Saint Xavier University,68.99,73.0,50900.0,14100.0,96.0,57.0,53990.0,9720.0,No,2940.0,99.0,77.0,11.0,15200.0,4.3,23517.0,74.0,Chicago, IL,1050.0,22.0
169,University of New Hampshire,68.95,84.0,35800.0,26200.0,82.0,75.0,62000.0,17990.0,No,12100.0,87.0,65.0,19.0,6740.0,4.1,26999.0,81.0,Durham, NH,1170.0,25.0
170,Marist College,68.9,49.0,63500.0,41000.0,80.0,83.0,71230.0,24900.0,No,5460.0,97.0,74.0,35.0,12480.0,4.1,25000.0,83.0,Poughkeepsie, NY,1170.0,25.0
171,University of Missouri-Columbia,68.82,81.0,28500.0,17900.0,74.0,69.0,56990.0,11010.0,No,21930.0,88.0,62.0,26.0,7630.0,4.3,21000.0,76.0,Columbia, MO,1230.0,26.0
172,Elmira College,68.75,80.0,51900.0,23200.0,95.0,68.0,53880.0,16070.0,No,780.0,100.0,77.0,18.0,20460.0,4.1,27000.0,72.0,Elmira, NY,1120.0,23.0
173,Washington & Jefferson College,68.71,85.0,66400.0,29000.0,100.0,73.0,64200.0,20960.0,No,1250.0,97.0,83.0,20.0,26940.0,4.1,27000.0,79.0,Washington, PA,1170.0,25.0
174,Aurora University,68.64,87.0,41800.0,18500.0,92.0,54.0,49800.0,13570.0,No,4000.0,94.0,80.0,19.0,11700.0,4.2,21250.0,77.0,Aurora, IL,1050.0,21.0
175,Saint Martin's University,68.64,96.0,57900.0,25200.0,83.0,62.0,55280.0,17630.0,No,1350.0,99.0,71.0,14.0,17380.0,4.2,22933.0,74.0,Lacey, WA,1070.0,21.0
176,Lake Forest College,68.63,55.0,66400.0,28500.0,98.0,70.0,59020.0,15930.0,No,1530.0,100.0,87.0,19.0,25850.0,4.1,27000.0,75.0,Lake Forest, IL,1170.0,25.0
177,Elmhurst University,68.57,68.0,55600.0,23000.0,98.0,63.0,56180.0,15130.0,Yes,2810.0,100.0,82.0,7.0,14860.0,4.2,20068.0,76.0,Elmhurst, IL,1100.0,23.0
178,Appalachian State University,68.5,77.0,20800.0,11300.0,48.0,71.0,45600.0,7350.0,No,17400.0,74.0,61.0,4.0,3070.0,4.3,20271.0,67.0,Boone, NC,1190.0,25.0
179,University of Wisconsin-Whitewater,68.44,79.0,19700.0,13200.0,44.0,57.0,49600.0,8140.0,No,10410.0,64.0,69.0,7.0,1920.0,4.4,23223.0,75.0,Whitewater, WI,1170.0,22.0
180,Bryn Mawr College,68.32,33.0,75600.0,39100.0,70.0,87.0,65770.0,16440.0,No,1380.0,100.0,100.0,22.0,19390.0,4.1,25000.0,75.0,Bryn Mawr, PA,1170.0,25.0
181,St. Catherine University,68.32,67.0,56600.0,20000.0,76.0,54.0,52600.0,14390.0,No,3110.0,74.0,92.0,13.0,24360.0,4.2,23788.0,76.0,Saint Paul, MN,1180.0,24.0
182,St. Joseph's College-New York,68.32,71.0,44400.0,17200.0,89.0,68.0,56800.0,11020.0,No,950.0,100.0,67.0,17.0,13880.0,4.2,21809.0,78.0,Brooklyn, NY,1090.0,23.0
183,University at Buffalo,68.32,61.0,29500.0,19100.0,60.0,72.0,62020.0,14100.0,No,21760.0,78.0,47.0,5.0,4030.0,4.2,19250.0,78.0,Buffalo, NY,1250.0,27.0
184,University of St. Thomas,68.31,81.0,64200.0,33600.0,95.0,77.0,67400.0,32440.0,No,6310.0,98.0,89.0,13.0,22910.0,4.2,24201.0,85.0,Saint Paul, MN,1260.0,27.0
185,The University of Texas at Dallas,68.27,79.0,31600.0,11800.0,68.0,72.0,60600.0,11070.0,Yes,20970.0,88.0,64.0,24.0,12450.0,4.3,18700.0,77.0,Richardson, TX,1350.0,30.0
186,Stonehill College,68.2,68.0,67600.0,37500.0,99.0,79.0,65770.0,24640.0,No,2440.0,99.0,90.0,35.0,20340.0,4.1,25000.0,82.0,Easton, MA,1170.0,25.0
187,Ramapo College of New Jersey,68.1,66.0,35200.0,18300.0,44.0,73.0,60020.0,12200.0,No,5240.0,54.0,51.0,9.0,10640.0,4.2,21500.0,78.0,Mahwah, NJ,1130.0,24.0
188,University of Wisconsin-River Falls,68.1,79.0,19200.0,14400.0,52.0,55.0,47440.0,8440.0,No,5400.0,59.0,50.0,12.0,1760.0,4.4,20500.0,74.0,River Falls, WI,1170.0,23.0
189,University of Wisconsin-Platteville,68.08,85.0,20000.0,15500.0,54.0,53.0,52810.0,8890.0,No,7220.0,75.0,59.0,13.0,2990.0,4.6,21986.0,80.0,Platteville, WI,1170.0,23.0
190,Le Moyne College,68.07,74.0,54600.0,25300.0,88.0,75.0,59540.0,18410.0,No,2640.0,100.0,79.0,15.0,17840.0,4.1,24098.0,77.0,Syracuse, NY,1180.0,25.0
191,Boston University,68.05,19.0,79800.0,30800.0,49.0,88.0,75640.0,12980.0,No,16890.0,98.0,87.0,5.0,23160.0,4.1,24848.0,83.0,Boston, MA,1430.0,32.0
192,Cedarville University,68.01,79.0,45500.0,26400.0,87.0,73.0,49070.0,15440.0,No,3470.0,74.0,25.0,27.0,22460.0,4.1,21500.0,67.0,Cedarville, OH,1240.0,26.0
193,Wofford College,68.01,60.0,67000.0,32100.0,96.0,81.0,67530.0,20360.0,No,1720.0,100.0,93.0,28.0,21110.0,4.1,25558.0,78.0,Spartanburg, SC,1270.0,28.0
194,Holy Family University,67.99,73.0,49600.0,16100.0,75.0,60.0,58840.0,11660.0,Yes,1950.0,98.0,72.0,11.0,12970.0,4.2,25000.0,76.0,Philadelphia, PA,1020.0,20.0
195,Fairfield University,67.95,57.0,71800.0,45600.0,87.0,81.0,86060.0,21040.0,No,4250.0,84.0,82.0,51.0,17390.0,4.0,26322.0,89.0,Fairfield, CT,1280.0,28.0
196,Concordia University-Saint Paul,67.91,98.0,38000.0,17400.0,70.0,57.0,53160.0,14420.0,No,2750.0,96.0,49.0,10.0,5030.0,4.3,18194.0,76.0,Saint Paul, MN,1170.0,25.0
197,University of Arizona,67.87,85.0,31300.0,16500.0,77.0,64.0,55210.0,8990.0,No,33720.0,94.0,65.0,26.0,10380.0,4.3,20137.0,72.0,Tucson, AZ,1240.0,25.0
198,Luther College,67.85,62.0,61400.0,26700.0,98.0,79.0,51980.0,21840.0,No,1920.0,99.0,90.0,22.0,22780.0,4.1,27000.0,78.0,Decorah, IA,1150.0,25.0
199,Grand Valley State University,67.84,83.0,26500.0,17800.0,73.0,66.0,50270.0,10260.0,No,21020.0,84.0,68.0,24.0,4680.0,4.5,24918.0,73.0,Allendale, MI,1150.0,24.0
200,Hope College,67.79,86.0,51800.0,32000.0,93.0,79.0,53800.0,17550.0,No,2970.0,86.0,84.0,35.0,11330.0,4.2,26960.0,74.0,Holland, MI,1230.0,26.0
201,Elizabethtown College,67.76,81.0,48500.0,27200.0,93.0,72.0,58290.0,18070.0,No,1690.0,100.0,78.0,27.0,12420.0,4.1,27000.0,80.0,Elizabethtown, PA,1190.0,25.0
202,University of Rochester,67.75,30.0,80200.0,38300.0,75.0,87.0,68340.0,12920.0,No,6520.0,99.0,97.0,25.0,15190.0,4.1,20000.0,77.0,Rochester, NY,1410.0,32.0
203,Western Washington University,67.73,90.0,26500.0,19400.0,57.0,68.0,54980.0,9980.0,No,15100.0,94.0,73.5,17.0,11700.0,4.5,18993.0,71.0,Bellingham, WA,1170.0,25.0
204,Fitchburg State University,67.72,88.0,26300.0,16700.0,58.0,61.0,56870.0,12180.0,No,3820.0,71.0,75.0,6.0,1610.0,4.4,24687.0,66.0,Fitchburg, MA,1070.0,22.0
205,University of Wisconsin-Stevens Point,67.72,85.0,20100.0,13900.0,61.0,61.0,45860.0,7900.0,No,7350.0,86.0,76.0,15.0,1370.0,4.5,22140.0,71.0,Stevens Point, WI,1170.0,22.0
206,University of Houston,67.68,65.0,25300.0,15300.0,82.0,59.0,56760.0,10530.0,No,37630.0,85.0,57.0,4.0,4380.0,4.5,18500.0,75.0,Houston, TX,1230.0,25.0
207,Oklahoma State University,67.67,70.0,24900.0,15600.0,77.0,61.0,52700.0,8610.0,No,19780.0,75.0,74.0,28.0,6860.0,4.4,20500.0,72.0,Stillwater, OK,1170.0,25.0
208,Salisbury University,67.66,74.0,27000.0,19600.0,76.0,67.0,53390.0,9720.0,No,7460.0,96.0,55.0,23.0,2820.0,4.3,21500.0,76.0,Salisbury, MD,1170.0,25.0
209,Colorado State University-Fort Collins,67.62,81.0,26200.0,18600.0,60.0,72.0,54980.0,11920.0,No,24370.0,73.0,67.0,21.0,5890.0,4.4,20500.0,73.0,Fort Collins, CO,1180.0,26.0
210,Providence College,67.58,47.0,72900.0,39400.0,71.0,86.0,69530.0,19040.0,No,4050.0,99.0,91.0,13.0,23730.0,4.1,27000.0,83.0,Providence, RI,1280.0,29.0
211,University of Portland,67.56,77.0,68300.0,39400.0,99.0,81.0,71540.0,28530.0,No,3770.0,68.0,79.0,43.0,20950.0,4.1,23250.0,84.0,Portland, OR,1250.0,26.0
212,Whitworth University,67.43,91.0,64700.0,27200.0,95.0,78.0,55250.0,14300.0,No,2400.0,99.0,84.0,23.0,26040.0,4.2,25000.0,71.0,Spokane, WA,1170.0,25.0
213,University of South Florida,67.41,48.0,24500.0,10600.0,67.0,71.0,50260.0,4180.0,Yes,31770.0,86.0,65.0,11.0,3180.0,4.3,18341.0,72.0,Tampa, FL,1250.0,28.0
214,Loras College,67.36,75.0,48200.0,23700.0,96.0,67.0,52440.0,17260.0,No,1290.0,100.0,88.0,20.0,18880.0,4.1,26000.0,78.0,Dubuque, IA,1060.0,23.0
215,University of Dayton,67.35,72.0,64000.0,34600.0,92.0,79.0,66380.0,19330.0,No,8400.0,99.0,85.0,41.0,23040.0,4.2,25000.0,85.0,Dayton, OH,1220.0,26.0
216,Ripon College,67.34,70.0,59800.0,22800.0,98.0,67.0,49100.0,14180.0,No,770.0,100.0,86.0,11.0,23530.0,4.1,27000.0,69.0,Ripon, WI,1110.0,22.0
217,Grinnell College,67.33,23.0,75700.0,33900.0,86.0,84.0,59490.0,12840.0,No,1700.0,100.0,100.0,34.0,15830.0,4.1,17000.0,72.0,Grinnell, IA,1450.0,33.0
218,Taylor University,67.29,68.0,52000.0,27400.0,84.0,82.0,44550.0,16330.0,No,1830.0,100.0,82.0,29.0,15760.0,4.1,21500.0,69.0,Upland, IN,1200.0,25.0
219,Fontbonne University,67.24,79.0,45300.0,17500.0,90.0,63.0,45220.0,10980.0,Yes,860.0,99.0,73.5,16.0,11180.0,4.3,25000.0,70.0,Saint Louis, MO,1050.0,21.0
220,Hamline University,67.2,68.0,59500.0,22700.0,96.0,63.0,53900.0,16520.0,Yes,2050.0,100.0,80.0,14.0,19810.0,4.2,23500.0,78.0,Saint Paul, MN,1130.0,23.0
221,Bryant University,67.19,71.0,67500.0,42200.0,91.0,80.0,91110.0,32720.0,No,3230.0,66.0,48.0,9.0,17180.0,4.1,26727.0,86.0,Smithfield, RI,1170.0,25.0
222,University of Wisconsin-Green Bay,67.19,85.0,20300.0,12300.0,44.0,52.0,45660.0,8260.0,No,6490.0,94.0,73.5,17.0,11700.0,4.3,18750.0,73.0,Green Bay, WI,1170.0,21.0
223,Northwestern College,67.17,70.0,48200.0,25900.0,96.0,68.0,44900.0,18400.0,No,1040.0,100.0,81.0,25.0,16150.0,4.1,23250.0,69.0,Orange City, IA,1140.0,24.0
224,Westfield State University,67.11,87.0,26700.0,19100.0,53.0,63.0,52260.0,12740.0,No,4790.0,93.0,57.0,3.0,2590.0,4.2,23250.0,78.0,Westfield, MA,1070.0,21.0
225,SUNY College of Environmental Science and Forestry,67.07,70.0,30900.0,23400.0,80.0,77.0,52900.0,13190.0,No,1810.0,90.0,58.0,16.0,2710.0,4.2,12000.0,82.0,Syracuse, NY,1210.0,26.0
226,University of Michigan-Dearborn,67.06,62.0,28000.0,13300.0,72.0,56.0,56530.0,9110.0,No,6730.0,89.0,77.0,17.0,6820.0,4.8,22720.0,73.0,Dearborn, MI,1190.0,26.0
227,University of Illinois Springfield,66.99,77.0,26300.0,12300.0,68.0,50.0,49750.0,10830.0,No,2610.0,90.0,77.0,16.0,8600.0,4.3,19184.0,72.0,Springfield, IL,1110.0,23.0
228,West Chester University of Pennsylvania,66.99,75.0,29000.0,20400.0,57.0,75.0,53420.0,15720.0,No,14340.0,64.0,47.0,3.0,3410.0,4.3,23857.0,78.0,West Chester, PA,1120.0,23.0
229,University of San Diego,66.9,49.0,74000.0,39600.0,71.0,80.0,74820.0,21950.0,No,5820.0,98.0,74.0,18.0,18170.0,4.2,23169.0,80.0,San Diego, CA,1280.0,29.0
230,John Carroll University,66.89,86.0,63400.0,30400.0,95.0,77.0,60290.0,18320.0,No,2930.0,98.0,80.0,27.0,22170.0,4.1,26987.0,77.0,University Heights, OH,1180.0,25.0
231,Lycoming College,66.89,62.0,61300.0,20800.0,100.0,67.0,52750.0,13050.0,No,1120.0,100.0,87.0,10.0,28460.0,4.2,27000.0,70.0,Williamsport, PA,1130.0,22.0
232,CUNY Hunter College,66.87,35.0,25100.0,4200.0,74.0,56.0,55710.0,400.0,No,16080.0,88.0,82.0,4.0,3630.0,4.6,12000.0,69.0,New York, NY,1260.0,25.0
233,Rhodes College,66.85,45.0,68300.0,31500.0,93.0,85.0,66620.0,15080.0,No,1940.0,99.0,91.0,17.0,12730.0,4.0,22905.0,74.0,Memphis, TN,1330.0,30.0
234,Linfield University-McMinnville Campus,66.8,82.0,62700.0,30100.0,97.0,64.0,66900.0,22240.0,No,1380.0,97.0,85.0,13.0,22230.0,4.2,25957.0,81.0,McMinnville, OR,1140.0,23.0
235,University of Nebraska-Lincoln,66.79,78.0,27000.0,18300.0,73.0,64.0,52360.0,11670.0,No,20250.0,86.0,71.0,11.0,8440.0,4.4,21362.0,74.0,Lincoln, NE,1240.0,25.0
236,The University of Texas Permian Basin,66.77,88.0,20200.0,7800.0,56.0,40.0,50010.0,8800.0,Yes,3420.0,87.0,46.0,7.0,4260.0,4.5,16206.0,76.0,Odessa, TX,1040.0,20.0
237,Knox College,66.76,68.0,63800.0,24600.0,96.0,73.0,49010.0,15660.0,No,1230.0,100.0,85.0,17.0,26740.0,4.2,27000.0,63.0,Galesburg, IL,1220.0,28.0
238,University of North Carolina School of the Arts,66.74,29.0,23300.0,12600.0,63.0,72.0,41160.0,5770.0,No,930.0,82.0,66.0,6.0,3820.0,4.0,25000.0,54.0,Winston Salem, NC,1190.0,25.0
239,Rowan University,66.59,74.0,35900.0,26200.0,55.0,72.0,55410.0,19690.0,No,15750.0,53.0,61.0,5.0,6440.0,4.4,20500.0,76.0,Glassboro, NJ,1160.0,25.0
240,Maryville University of Saint Louis,66.58,83.0,50400.0,29700.0,78.0,69.0,53470.0,21440.0,No,4350.0,94.0,55.0,28.0,15420.0,4.3,23000.0,79.0,Saint Louis, MO,1150.0,23.0
241,SUNY College at Old Westbury,66.43,78.0,24800.0,10800.0,67.0,47.0,50920.0,6840.0,No,4680.0,86.0,60.0,1.0,5640.0,4.6,15250.0,73.0,Old Westbury, NY,1040.0,25.0
242,Harding University,66.41,61.0,34400.0,20500.0,85.0,67.0,47520.0,15860.0,No,3750.0,93.0,78.0,32.0,8390.0,4.3,26456.0,66.0,Searcy, AR,1170.0,25.0
243,University of St. Thomas,66.31,87.0,47300.0,21100.0,79.0,56.0,53220.0,15500.0,No,2050.0,98.0,69.0,23.0,12560.0,4.5,20500.0,75.0,Houston, TX,1150.0,23.0
244,University of Nebraska at Kearney,66.3,85.0,24800.0,17500.0,82.0,58.0,46050.0,14090.0,No,4290.0,89.0,65.0,17.0,5770.0,4.5,19250.0,70.0,Kearney, NE,1080.0,23.0
245,North Dakota State University,66.27,94.0,23900.0,17600.0,64.0,57.0,56250.0,11840.0,No,10580.0,78.0,48.0,9.0,2370.0,4.5,23000.0,80.0,Fargo, ND,1150.0,24.0
246,Central Washington University,66.21,85.0,26800.0,17400.0,66.0,55.0,55690.0,10800.0,No,10950.0,72.0,59.0,17.0,11700.0,4.5,20194.0,73.0,Ellensburg, WA,1060.0,21.0
247,East Carolina University,66.21,79.0,23200.0,16300.0,59.0,64.0,47400.0,11260.0,No,21990.0,86.0,66.0,6.0,3430.0,4.4,23311.0,72.0,Greenville, NC,1120.0,22.0
248,Skidmore College,66.19,30.0,78800.0,28500.0,52.0,86.0,63730.0,10780.0,No,2650.0,100.0,99.0,17.0,11700.0,4.0,19500.0,70.0,Saratoga Springs, NY,1310.0,30.0
249,Ithaca College,66.15,73.0,67400.0,37900.0,94.0,78.0,62150.0,20680.0,No,5800.0,99.0,87.0,27.0,17160.0,4.1,25000.0,75.0,Ithaca, NY,1170.0,25.0
250,Saint Joseph's University,66.15,75.0,67400.0,37800.0,93.0,80.0,73430.0,24310.0,No,4680.0,98.0,81.0,31.0,16550.0,4.1,25000.0,88.0,Philadelphia, PA,1210.0,26.0
251,Eastern Washington University,66.14,96.0,25900.0,13000.0,66.0,46.0,52670.0,7660.0,No,9830.0,86.0,65.0,3.0,3220.0,4.6,19115.0,71.0,Cheney, WA,1030.0,21.0
252,Dordt University,66.13,75.0,49300.0,27400.0,100.0,70.0,48160.0,20040.0,No,1310.0,100.0,75.0,26.0,16950.0,4.1,21500.0,75.0,Sioux Center, IA,1190.0,25.0
253,Molloy University,66.1,78.0,51700.0,29000.0,81.0,73.0,71990.0,19990.0,No,3430.0,94.0,49.0,13.0,11310.0,4.3,27000.0,84.0,Rockville Centre, NY,1150.0,25.0
254,University of North Florida,66.08,72.0,22100.0,10300.0,64.0,57.0,49340.0,4370.0,Yes,14410.0,67.0,90.0,24.0,2120.0,4.4,16331.0,70.0,Jacksonville, FL,1180.0,23.0
255,Trinity University,66.0,29.0,64300.0,32900.0,97.0,76.0,65320.0,10740.0,No,2430.0,100.0,95.0,52.0,23910.0,4.2,22992.0,81.0,San Antonio, TX,1370.0,31.0
256,St. Lawrence University,65.93,42.0,77700.0,33300.0,97.0,81.0,58200.0,9360.0,No,2360.0,99.0,88.0,27.0,20970.0,4.1,26890.0,74.0,Canton, NY,1270.0,29.0
257,Point Loma Nazarene University,65.92,74.0,54700.0,36600.0,85.0,77.0,59860.0,24600.0,No,3200.0,99.0,63.0,24.0,12450.0,4.1,23000.0,74.0,San Diego, CA,1230.0,27.0
258,Drexel University,65.89,75.0,77300.0,41700.0,90.0,73.0,76380.0,24510.0,Yes,15290.0,97.0,74.0,36.0,18480.0,4.7,26000.0,84.0,Philadelphia, PA,1290.0,28.0
259,Saint Anselm College,65.88,75.0,64000.0,35200.0,98.0,77.0,60650.0,16620.0,No,2030.0,100.0,86.0,31.0,20200.0,4.0,27000.0,83.0,Manchester, NH,1220.0,26.0
260,William Jewell College,65.87,46.0,50700.0,24300.0,95.0,65.0,52860.0,17700.0,No,730.0,100.0,82.0,14.0,20850.0,4.1,25000.0,77.0,Liberty, MO,1190.0,25.0
261,University of Detroit Mercy,65.84,77.0,44900.0,19400.0,88.0,65.0,55880.0,13060.0,No,2560.0,98.0,68.0,35.0,12350.0,4.2,24468.0,80.0,Detroit, MI,1160.0,25.0
262,Occidental College,65.77,37.0,78000.0,43400.0,72.0,86.0,67390.0,14450.0,No,1970.0,99.0,100.0,13.0,13270.0,4.1,22336.0,73.0,Los Angeles, CA,1390.0,30.0
263,Whitman College,65.77,56.0,68300.0,41200.0,81.0,88.0,59340.0,16200.0,No,1550.0,100.0,92.0,37.0,13680.0,4.2,17300.0,67.0,Walla Walla, WA,1350.0,31.0
264,SUNY College at Brockport,65.75,55.0,25600.0,17000.0,75.0,65.0,48930.0,10680.0,No,6620.0,83.0,61.0,4.0,3740.0,4.3,20125.0,72.0,Brockport, NY,1100.0,22.0
265,Case Western Reserve University,65.73,27.0,74100.0,38000.0,83.0,85.0,78330.0,16060.0,No,5270.0,97.0,97.0,38.0,24040.0,4.2,24501.0,83.0,Cleveland, OH,1430.0,32.0
266,California Lutheran University,65.7,71.0,66500.0,31300.0,95.0,69.0,59680.0,20770.0,No,3080.0,99.0,80.0,29.0,22210.0,4.1,21750.0,75.0,Thousand Oaks, CA,1160.0,24.0
267,Seattle University,65.63,78.0,67800.0,38900.0,91.0,74.0,69300.0,25300.0,No,4620.0,90.0,81.0,6.0,15110.0,4.2,20500.0,82.0,Seattle, WA,1240.0,27.0
268,University of Scranton,65.63,76.0,67700.0,38100.0,93.0,82.0,69240.0,24330.0,Yes,3680.0,83.0,71.0,23.0,17510.0,4.1,27000.0,83.0,Scranton, PA,1220.0,27.0
269,Augustana College,65.53,57.0,60200.0,25600.0,100.0,74.0,58230.0,16960.0,No,2530.0,99.0,86.0,28.0,26880.0,4.1,27000.0,80.0,Rock Island, IL,1170.0,25.0
270,Lake Superior State University,65.5,57.0,27000.0,14300.0,75.0,48.0,43990.0,7160.0,No,1740.0,89.0,48.0,14.0,4850.0,4.5,22500.0,64.0,Sault Ste Marie, MI,1070.0,22.0
271,Calvin University,65.48,77.0,54100.0,28000.0,94.0,77.0,49930.0,22080.0,No,3380.0,100.0,75.0,41.0,14750.0,4.2,23000.0,75.0,Grand Rapids, MI,1250.0,27.0
272,University of Minnesota-Duluth,65.48,75.0,26200.0,19200.0,63.0,59.0,54750.0,7840.0,No,8840.0,89.0,73.0,16.0,2150.0,4.4,22514.0,79.0,Duluth, MN,1240.0,24.0
273,Allegheny College,65.44,62.0,69500.0,27900.0,99.0,74.0,57720.0,17680.0,No,1730.0,100.0,87.0,24.0,30700.0,4.1,27000.0,72.0,Meadville, PA,1270.0,27.0
274,Bethel University,65.44,79.0,55500.0,30700.0,88.0,76.0,55160.0,21310.0,Yes,2660.0,100.0,88.0,25.0,17630.0,4.2,22500.0,80.0,Saint Paul, MN,1160.0,24.0
275,Messiah University,65.43,76.0,53100.0,29200.0,96.0,78.0,48880.0,18750.0,No,2580.0,99.0,77.0,27.0,15500.0,4.1,26000.0,69.0,Mechanicsburg, PA,1200.0,27.0
276,University of Wisconsin-Oshkosh,65.43,76.0,20500.0,13000.0,31.0,53.0,48570.0,9500.0,No,9900.0,57.0,71.0,2.0,2410.0,4.7,22068.0,76.0,Oshkosh, WI,1170.0,22.0
277,Saint John Fisher College,65.42,64.0,51700.0,31400.0,98.0,73.0,56460.0,17990.0,No,2640.0,100.0,75.0,24.0,14040.0,4.1,23250.0,85.0,Rochester, NY,1170.0,24.0
278,Baker University,65.41,88.0,47500.0,24500.0,68.0,57.0,56800.0,18010.0,No,1390.0,71.0,86.0,17.0,9330.0,4.2,26000.0,80.0,Baldwin City, KS,1090.0,23.0
279,University of California Santa Cruz,65.34,51.0,40200.0,18800.0,69.0,74.0,58110.0,11040.0,No,17520.0,94.0,78.0,7.0,7090.0,4.3,17484.0,70.0,Santa Cruz, CA,1290.0,29.0
280,SUNY at Albany,65.32,54.0,28300.0,18500.0,71.0,64.0,59750.0,12490.0,No,13150.0,87.0,58.0,7.0,3730.0,4.1,20000.0,77.0,Albany, NY,1170.0,25.0
281,CUNY Queens College,65.29,49.0,30900.0,5900.0,68.0,57.0,54740.0,1340.0,No,15910.0,87.0,54.0,1.0,6770.0,4.7,11000.0,71.0,Queens, NY,1120.0,25.0
282,Nebraska Wesleyan University,65.03,68.0,53100.0,28100.0,94.0,63.0,52700.0,20230.0,No,1830.0,99.0,75.0,22.0,20190.0,4.2,26966.0,75.0,Lincoln, NE,1160.0,25.0
283,SUNY Cortland,64.96,46.0,26400.0,18700.0,66.0,71.0,53710.0,11650.0,No,6280.0,72.0,69.0,4.0,4050.0,4.3,21500.0,79.0,Cortland, NY,1160.0,24.0
284,George Fox University,64.92,82.0,55000.0,31200.0,89.0,67.0,49470.0,22550.0,No,2610.0,94.0,86.0,8.0,7360.0,4.2,23250.0,72.0,Newberg, OR,1150.0,23.0
285,CUNY Brooklyn College,64.86,45.0,32800.0,5000.0,74.0,57.0,54320.0,1550.0,No,13950.0,85.0,68.0,3.0,4330.0,4.6,11000.0,66.0,Brooklyn, NY,1130.0,25.0
286,Oregon State University,64.83,82.0,29800.0,22600.0,56.0,66.0,56620.0,15240.0,No,25340.0,82.0,52.0,24.0,5350.0,4.5,21793.0,72.0,Corvallis, OR,1200.0,25.0
287,Assumption University,64.82,81.0,62100.0,31900.0,97.0,75.0,63830.0,22450.0,No,2020.0,100.0,79.0,22.0,20100.0,4.1,27000.0,69.0,Worcester, MA,1170.0,25.0
288,University of Wyoming,64.75,96.0,21400.0,12900.0,76.0,55.0,50690.0,6910.0,No,9650.0,67.0,58.0,21.0,3900.0,4.5,18318.0,70.0,Laramie, WY,1170.0,25.0
289,Endicott College,64.72,69.0,56300.0,39800.0,87.0,74.0,60850.0,26400.0,No,3000.0,98.0,66.0,29.0,11500.0,4.0,27000.0,75.0,Beverly, MA,1170.0,25.0
290,University of Vermont,64.65,67.0,36900.0,21400.0,82.0,76.0,58250.0,12020.0,No,10700.0,93.0,62.0,32.0,15390.0,4.2,21111.0,69.0,Burlington, VT,1270.0,29.0
291,University of North Carolina at Greensboro,64.57,82.0,20700.0,10400.0,63.0,53.0,44200.0,7650.0,No,16100.0,86.0,72.0,3.0,4350.0,4.5,23000.0,63.0,Greensboro, NC,1100.0,23.0
292,University of Maryland-Baltimore County,64.53,61.0,27900.0,17800.0,59.0,69.0,61750.0,8570.0,No,10960.0,82.0,59.0,20.0,7080.0,4.4,19500.0,77.0,Baltimore, MD,1270.0,27.0
293,Connecticut College,64.49,37.0,79500.0,42700.0,94.0,81.0,71240.0,13180.0,No,1820.0,97.0,100.0,35.0,15940.0,4.1,23250.0,74.0,New London, CT,1380.0,32.0
294,University of Kansas,64.49,93.0,26200.0,21200.0,66.0,64.0,56390.0,15670.0,No,19000.0,80.0,77.0,25.0,7290.0,4.3,21000.0,75.0,Lawrence, KS,1170.0,26.0
295,Radford University,64.41,75.0,26000.0,16600.0,82.0,59.0,50380.0,11420.0,No,7210.0,80.0,74.0,10.0,3410.0,4.3,23249.0,72.0,Radford, VA,1170.0,25.0
296,Auburn University,64.4,81.0,33600.0,25400.0,57.0,78.0,56930.0,17870.0,Yes,24210.0,75.0,45.0,22.0,7900.0,4.4,21500.0,78.0,Auburn, AL,1240.0,28.0
297,Western Carolina University,64.4,69.0,19400.0,14000.0,68.0,61.0,43370.0,9310.0,No,10290.0,92.0,70.0,4.0,3180.0,4.4,22492.0,66.0,Cullowhee, NC,1110.0,23.0
298,SUNY College at Geneseo,64.39,65.0,27600.0,19700.0,66.0,80.0,56240.0,12580.0,No,5270.0,75.0,44.0,7.0,3720.0,4.1,20047.0,78.0,Geneseo, NY,1220.0,26.0
299,George Washington University,64.36,41.0,78400.0,42600.0,65.0,82.0,80610.0,17670.0,No,12030.0,83.0,92.0,28.0,21830.0,4.1,20500.0,84.0,Washington, DC,1380.0,32.0
300,SUNY College at Oswego,64.3,54.0,26000.0,17300.0,83.0,63.0,49220.0,10090.0,No,6880.0,91.0,73.0,14.0,3790.0,4.2,21500.0,72.0,Oswego, NY,1160.0,24.0
301,Wagner College,64.29,71.0,70100.0,33700.0,99.0,69.0,69380.0,27350.0,No,1710.0,100.0,69.0,24.0,21860.0,4.1,25000.0,78.0,Staten Island, NY,1170.0,25.0
302,Franciscan University of Steubenville,64.26,77.0,43300.0,26600.0,94.0,75.0,43770.0,16790.0,No,2140.0,100.0,69.0,32.0,8520.0,4.1,23250.0,67.0,Steubenville, OH,1200.0,26.0
303,Syracuse University,64.24,44.0,77800.0,49800.0,78.0,82.0,71470.0,17250.0,No,14850.0,96.0,95.0,35.0,11350.0,4.2,26952.0,82.0,Syracuse, NY,1280.0,28.0
304,Seattle Pacific University,64.19,91.0,66500.0,30000.0,95.0,67.0,57100.0,20770.0,No,2710.0,99.0,77.0,13.0,25730.0,4.3,25000.0,77.0,Seattle, WA,1140.0,23.0
305,Eastern Mennonite University,64.18,65.0,56000.0,24000.0,85.0,60.0,42700.0,18600.0,No,970.0,96.0,69.0,19.0,17940.0,4.2,25000.0,71.0,Harrisonburg, VA,1100.0,23.0
306,University of Saint Joseph,64.16,77.0,58000.0,25500.0,93.0,65.0,46100.0,20320.0,No,870.0,97.0,73.5,17.0,11700.0,4.2,27000.0,62.0,West Hartford, CT,1120.0,25.0
307,Rhode Island College,64.08,78.0,26100.0,11100.0,76.0,50.0,49250.0,9420.0,Yes,6290.0,80.0,62.0,3.0,3200.0,4.7,21002.0,65.0,Providence, RI,980.0,18.0
308,Temple University,64.05,60.0,36700.0,24600.0,77.0,72.0,56800.0,18170.0,No,28310.0,91.0,61.0,14.0,7520.0,4.3,24499.0,76.0,Philadelphia, PA,1170.0,25.0
309,Bethel University,64.03,94.0,44500.0,20400.0,85.0,68.0,43420.0,13840.0,No,1170.0,94.0,73.5,18.0,18090.0,4.1,24656.0,67.0,Mishawaka, IN,1060.0,22.0
310,University of Evansville,63.94,71.0,56700.0,24500.0,85.0,73.0,50420.0,17070.0,No,1880.0,96.0,85.0,28.0,22380.0,4.2,25183.0,74.0,Evansville, IN,1190.0,27.0
311,University of Massachusetts-Boston,63.93,76.0,35800.0,18200.0,69.0,48.0,56060.0,13730.0,No,12190.0,88.0,83.0,9.0,7000.0,4.6,22987.0,74.0,Boston, MA,1170.0,25.0
312,University of Missouri-St Louis,63.9,73.0,27500.0,10600.0,45.0,52.0,48360.0,9990.0,No,6700.0,87.0,61.0,7.0,5350.0,4.5,20500.0,70.0,Saint Louis, MO,1130.0,24.0
313,Salve Regina University,63.74,74.0,64900.0,37600.0,95.0,72.0,68300.0,27410.0,No,2140.0,100.0,71.0,24.0,17750.0,4.1,27000.0,74.0,Newport, RI,1170.0,25.0
314,Christopher Newport University,63.73,72.0,32600.0,26800.0,55.0,73.0,55030.0,15860.0,No,4830.0,74.0,72.0,18.0,3700.0,4.1,24739.0,74.0,Newport News, VA,1200.0,25.0
315,University of Oklahoma,63.72,80.0,31200.0,23100.0,75.0,66.0,57070.0,16100.0,No,21330.0,61.0,79.0,10.0,2980.0,4.4,20718.0,75.0,Norman, OK,1210.0,26.0
316,Saint Louis University,63.63,58.0,66700.0,29400.0,81.0,77.0,65930.0,15140.0,No,7130.0,97.0,80.0,33.0,20610.0,4.1,25000.0,82.0,Saint Louis, MO,1280.0,28.0
317,Valparaiso University,63.53,86.0,60400.0,23800.0,98.0,69.0,55840.0,19550.0,No,2970.0,100.0,92.0,21.0,21160.0,4.2,27000.0,78.0,Valparaiso, IN,1180.0,26.0
318,Waynesburg University,63.52,93.0,41000.0,21200.0,96.0,66.0,53180.0,17100.0,Yes,1270.0,82.0,81.0,19.0,11840.0,4.2,27000.0,77.0,Waynesburg, PA,1050.0,21.0
319,College of Our Lady of the Elms,63.49,75.0,57500.0,26800.0,87.0,67.0,51530.0,21530.0,No,1110.0,100.0,60.0,6.0,12110.0,4.2,25000.0,63.0,Chicopee, MA,1050.0,21.0
320,Creighton University,63.49,74.0,60300.0,34200.0,91.0,78.0,66520.0,23400.0,No,4430.0,95.0,81.0,43.0,20020.0,4.1,24369.0,82.0,Omaha, NE,1260.0,26.0
321,Niagara University,63.49,89.0,51300.0,20200.0,90.0,70.0,52280.0,13840.0,No,2750.0,98.0,82.0,18.0,17000.0,4.1,26000.0,73.0,Niagara, NY,1130.0,24.0
322,Tennessee Technological University,63.49,79.0,25900.0,17500.0,87.0,54.0,43330.0,11560.0,Yes,8740.0,55.0,60.0,17.0,9260.0,4.5,16144.0,65.0,Cookeville, TN,1130.0,24.0
323,Milligan University,63.48,99.0,49500.0,22200.0,92.0,69.0,44070.0,15820.0,No,800.0,100.0,80.0,22.0,14530.0,4.1,25000.0,70.0,Milligan, TN,1180.0,25.0
324,Yeshiva University,63.48,55.0,67700.0,37600.0,86.0,80.0,64630.0,24190.0,No,2710.0,97.0,88.0,31.0,21340.0,4.1,19318.0,73.0,New York, NY,1270.0,27.0
325,Coe College,63.47,63.0,62800.0,22300.0,96.0,65.0,52970.0,14370.0,No,1380.0,100.0,86.0,16.0,29030.0,4.1,27000.0,75.0,Cedar Rapids, IA,1170.0,25.0
326,University of South Carolina-Columbia,63.45,69.0,29900.0,23000.0,82.0,77.0,54110.0,12130.0,No,27070.0,43.0,72.0,37.0,6700.0,4.2,22303.0,75.0,Columbia, SC,1280.0,28.0
327,DePaul University,63.41,68.0,61500.0,35200.0,87.0,72.0,63490.0,27120.0,No,14010.0,97.0,67.0,20.0,16260.0,4.2,24115.0,78.0,Chicago, IL,1170.0,25.0
328,Vanguard University of Southern California,63.38,49.0,51600.0,22900.0,96.0,64.0,48780.0,16600.0,Yes,1910.0,59.0,73.5,99.0,10740.0,4.1,22999.0,65.0,Costa Mesa, CA,1070.0,21.0
329,Illinois College,63.37,78.0,46800.0,18500.0,99.0,70.0,46510.0,12440.0,No,1040.0,100.0,87.0,16.0,19910.0,4.1,27000.0,70.0,Jacksonville, IL,1170.0,25.0
330,Unity College,63.35,98.0,26000.0,28600.0,90.0,66.0,39080.0,21490.0,No,780.0,100.0,72.0,15.0,9600.0,4.1,27000.0,49.0,Unity, ME,1170.0,25.0
331,University of Massachusetts-Lowell,63.34,73.0,32600.0,20200.0,63.0,62.0,65580.0,12500.0,No,13600.0,86.0,87.0,16.0,7310.0,4.4,24266.0,78.0,Lowell, MA,1240.0,27.0
332,Susquehanna University,63.3,72.0,69400.0,28100.0,98.0,71.0,57790.0,17040.0,No,2200.0,100.0,85.0,20.0,30930.0,4.0,27000.0,73.0,Selinsgrove, PA,1170.0,25.0
333,Edgewood College,63.27,72.0,48400.0,27700.0,85.0,62.0,52540.0,21350.0,No,1330.0,98.0,75.0,19.0,7860.0,4.4,24431.0,78.0,Madison, WI,1080.0,23.0
334,Salem State University,63.26,86.0,30100.0,20800.0,73.0,57.0,46280.0,14560.0,No,5840.0,75.0,58.0,4.0,1770.0,4.3,25000.0,73.0,Salem, MA,1090.0,21.0
335,Miami University-Oxford,63.16,80.0,35500.0,25700.0,68.0,79.0,54650.0,13960.0,No,17040.0,94.0,57.0,39.0,11040.0,4.2,23522.0,68.0,Oxford, OH,1290.0,28.0
336,Westminster College,63.04,67.0,52900.0,22300.0,96.0,71.0,49000.0,15690.0,No,1120.0,98.0,85.0,15.0,27230.0,4.2,26000.0,72.0,New Wilmington, PA,1080.0,23.0
337,Grand View University,63.02,96.0,44700.0,20500.0,94.0,50.0,49450.0,17730.0,Yes,1730.0,91.0,79.0,18.0,10740.0,4.2,23000.0,73.0,Des Moines, IA,1020.0,20.0
338,Ball State University,62.99,77.0,25700.0,13900.0,69.0,60.0,45930.0,8270.0,No,15610.0,66.0,74.0,16.0,7710.0,4.2,23250.0,70.0,Muncie, IN,1170.0,25.0
339,Florida Atlantic University,62.98,63.0,25500.0,12100.0,61.0,51.0,50480.0,6730.0,Yes,23420.0,81.0,55.0,2.0,1850.0,4.5,17500.0,70.0,Boca Raton, FL,1160.0,24.0
340,Frostburg State University,62.98,80.0,25900.0,16900.0,65.0,54.0,49230.0,9620.0,No,4090.0,73.0,60.0,14.0,3390.0,4.6,22250.0,65.0,Frostburg, MD,1030.0,20.0
341,Worcester State University,62.98,66.0,27000.0,17100.0,77.0,56.0,57310.0,12550.0,No,4920.0,83.0,78.0,3.0,2410.0,4.4,20000.0,69.0,Worcester, MA,1170.0,25.0
342,Hanover College,62.97,65.0,56200.0,23600.0,100.0,72.0,49540.0,13020.0,No,1070.0,100.0,91.0,25.0,25700.0,4.0,27000.0,75.0,Hanover, IN,1140.0,24.0
343,Brandeis University,62.92,30.0,78300.0,43500.0,64.0,87.0,70330.0,13390.0,No,3680.0,95.0,97.0,14.0,14480.0,4.1,25797.0,74.0,Waltham, MA,1440.0,32.0
344,Quinnipiac University,62.92,70.0,70900.0,44200.0,91.0,77.0,75580.0,33760.0,No,6820.0,98.0,66.0,31.0,19680.0,4.1,26000.0,86.0,Hamden, CT,1170.0,25.0
345,Denison University,62.89,29.0,74900.0,42000.0,96.0,85.0,57440.0,15240.0,No,2260.0,100.0,100.0,39.0,18040.0,4.1,25000.0,73.0,Granville, OH,1310.0,29.0
346,Mount Mercy University,62.88,66.0,52300.0,26600.0,100.0,71.0,50050.0,19250.0,No,1430.0,97.0,73.0,13.0,13970.0,4.1,23250.0,79.0,Cedar Rapids, IA,1170.0,21.0
347,Roberts Wesleyan College,62.86,67.0,50000.0,24700.0,88.0,68.0,45180.0,19080.0,No,1260.0,99.0,81.0,21.0,16310.0,4.1,22932.0,72.0,Rochester, NY,1150.0,23.0
348,The University of Tennessee Knoxville,62.85,79.0,33400.0,22300.0,76.0,72.0,52680.0,10430.0,No,23150.0,87.0,57.0,20.0,6720.0,4.3,20500.0,72.0,Knoxville, TN,1240.0,27.0
349,Misericordia University,62.83,86.0,54000.0,29200.0,90.0,69.0,55960.0,20270.0,No,1940.0,100.0,84.0,13.0,16980.0,4.1,27000.0,79.0,Dallas, PA,1140.0,25.0
350,Saint Norbert College,62.76,80.0,55300.0,29400.0,96.0,70.0,52470.0,22360.0,No,1970.0,97.0,78.0,29.0,16340.0,4.1,26912.0,81.0,De Pere, WI,1160.0,24.0
351,Augustana University,62.75,67.0,53300.0,25700.0,96.0,70.0,50140.0,19300.0,No,1770.0,98.0,80.0,37.0,18010.0,4.2,25000.0,75.0,Sioux Falls, SD,1230.0,26.0
352,University of Nevada-Reno,62.74,88.0,27000.0,17300.0,74.0,61.0,55360.0,11800.0,Yes,16920.0,86.0,56.0,12.0,3570.0,4.4,19500.0,72.0,Reno, NV,1180.0,24.0
353,Saint Mary's College of California,62.71,81.0,72400.0,42700.0,97.0,72.0,67740.0,28780.0,No,2630.0,85.0,74.0,26.0,19610.0,4.2,24000.0,81.0,Moraga, CA,1150.0,25.0
354,University of Pittsburgh,62.71,57.0,36100.0,23600.0,49.0,82.0,57960.0,15080.0,No,19020.0,74.0,57.0,5.0,9030.0,4.2,24550.0,77.0,Pittsburgh, PA,1350.0,31.0
355,Hood College,62.68,65.0,61600.0,25100.0,97.0,66.0,51780.0,16220.0,No,1110.0,100.0,75.0,18.0,22490.0,4.2,25000.0,69.0,Frederick, MD,1170.0,25.0
356,University of Rhode Island,62.54,75.0,32900.0,16200.0,69.0,64.0,66480.0,12180.0,No,13680.0,88.0,55.0,12.0,7830.0,4.3,22214.0,78.0,Kingston, RI,1150.0,26.0
357,University of San Francisco,62.53,64.0,75900.0,45200.0,82.0,75.0,78030.0,32020.0,No,6510.0,98.0,65.0,26.0,19580.0,4.1,23250.0,83.0,San Francisco, CA,1230.0,26.0
358,California State Polytechnic University Humboldt,62.51,92.0,26300.0,15900.0,72.0,52.0,42730.0,11470.0,No,6560.0,95.0,75.0,10.0,1250.0,4.7,17993.0,56.0,Arcata, CA,1090.0,21.0
359,University of Mississippi,62.49,88.0,26500.0,14300.0,71.0,63.0,48260.0,7760.0,No,16930.0,87.0,76.0,28.0,11320.0,4.3,20335.0,66.0,University, MS,1140.0,25.0
360,Sam Houston State University,62.47,83.0,24300.0,14700.0,75.0,52.0,50130.0,11210.0,No,18810.0,83.0,73.0,3.0,3000.0,4.5,22020.0,70.0,Huntsville, TX,1070.0,21.0
361,Ursinus College,62.43,79.0,74100.0,33200.0,97.0,79.0,66260.0,23150.0,No,1460.0,99.0,81.0,23.0,25980.0,4.1,27000.0,77.0,Collegeville, PA,1250.0,27.0
362,Washington College,62.43,92.0,67000.0,31200.0,95.0,68.0,64850.0,14640.0,No,1270.0,57.0,57.0,30.0,24510.0,4.0,27000.0,77.0,Chestertown, MD,1170.0,25.0
363,Canisius College,62.39,83.0,45700.0,19900.0,93.0,68.0,53400.0,12990.0,No,2140.0,99.0,71.0,26.0,12700.0,4.1,23750.0,74.0,Buffalo, NY,1150.0,24.0
364,Wheaton College,62.37,74.0,74800.0,30100.0,98.0,78.0,58730.0,19560.0,No,1760.0,100.0,83.0,19.0,27170.0,4.1,26816.0,73.0,Norton, MA,1170.0,25.0
365,Monmouth University,62.36,77.0,62300.0,33400.0,98.0,69.0,59510.0,18110.0,No,4430.0,72.0,69.0,24.0,9960.0,4.2,26899.0,79.0,West Long Branch, NJ,1150.0,24.0
366,Hobart William Smith Colleges,62.34,66.0,78700.0,40400.0,97.0,78.0,62980.0,14230.0,No,2040.0,100.0,84.0,29.0,23630.0,4.1,27000.0,80.0,Geneva, NY,1270.0,28.0
367,Buena Vista University,62.25,57.0,51000.0,19300.0,87.0,52.0,44700.0,13480.0,No,1410.0,100.0,85.0,12.0,20820.0,4.1,25000.0,68.0,Storm Lake, IA,1020.0,22.0
368,University of Oregon,62.23,82.0,31200.0,18600.0,57.0,72.0,53470.0,13670.0,No,18740.0,72.0,61.0,17.0,6800.0,4.3,20500.0,70.0,Eugene, OR,1210.0,25.0
369,The Catholic University of America,62.17,85.0,71300.0,38300.0,90.0,76.0,71800.0,25750.0,No,3250.0,98.0,79.0,38.0,24490.0,4.1,26000.0,80.0,Washington, DC,1170.0,25.0
370,University of North Carolina Wilmington,62.17,65.0,26500.0,19000.0,50.0,72.0,49740.0,11710.0,No,14420.0,80.0,45.0,2.0,3860.0,4.2,20000.0,71.0,Wilmington, NC,1250.0,25.0
371,Kenyon College,62.16,34.0,73500.0,43200.0,66.0,89.0,62000.0,14960.0,No,1730.0,100.0,100.0,24.0,14230.0,4.0,19000.0,69.0,Gambier, OH,1370.0,31.0
372,William Paterson University of New Jersey,62.16,75.0,32200.0,18000.0,64.0,51.0,51510.0,16740.0,No,8460.0,69.0,73.5,8.0,7780.0,4.4,23000.0,70.0,Wayne, NJ,1170.0,25.0
373,Geneva College,62.1,53.0,43900.0,21100.0,94.0,64.0,46840.0,15580.0,No,1180.0,59.0,44.0,8.0,14690.0,4.1,25214.0,63.0,Beaver Falls, PA,1130.0,24.0
374,McDaniel College,62.1,92.0,62800.0,25300.0,100.0,67.0,55110.0,20220.0,No,1670.0,100.0,84.0,17.0,16020.0,4.2,25000.0,72.0,Westminster, MD,1170.0,25.0
375,Malone University,61.97,71.0,47900.0,20200.0,87.0,57.0,45530.0,13820.0,Yes,1060.0,99.0,79.0,14.0,12870.0,4.2,27000.0,66.0,Canton, OH,1050.0,23.0
376,Moravian College,61.88,75.0,67100.0,31600.0,90.0,68.0,61260.0,21240.0,No,2010.0,97.0,78.0,17.0,21760.0,4.1,27000.0,77.0,Bethlehem, PA,1170.0,25.0
377,New Jersey City University,61.88,95.0,36700.0,14800.0,78.0,38.0,46610.0,12150.0,No,5960.0,81.0,47.0,2.0,8310.0,4.8,18233.0,66.0,Jersey City, NJ,970.0,25.0
378,Pacific Lutheran University,61.87,86.0,63500.0,26800.0,96.0,67.0,57050.0,14530.0,No,2650.0,79.0,88.0,4.0,14120.0,4.1,23000.0,77.0,Tacoma, WA,1190.0,27.0
379,Framingham State University,61.84,74.0,28700.0,20400.0,60.0,56.0,54520.0,13960.0,No,3750.0,83.0,53.0,5.0,1120.0,4.3,25000.0,72.0,Framingham, MA,1050.0,22.0
380,Madonna University,61.78,75.0,40600.0,18700.0,75.0,58.0,50360.0,15670.0,No,2340.0,88.0,56.0,11.0,2430.0,4.5,24500.0,73.0,Livonia, MI,1030.0,21.0
381,National Louis University,61.68,98.0,33200.0,15600.0,82.0,22.0,45400.0,14190.0,No,3280.0,89.0,43.0,6.0,5610.0,5.0,20613.0,63.0,Chicago, IL,1170.0,25.0
382,Bridgewater State University,61.48,88.0,29500.0,18500.0,58.0,59.0,52090.0,13250.0,No,9200.0,76.0,70.0,3.0,3610.0,4.5,24505.0,68.0,Bridgewater, MA,1060.0,23.0
383,Merrimack College,61.44,82.0,65700.0,36500.0,93.0,71.0,76390.0,27340.0,No,3960.0,100.0,67.0,23.0,15920.0,4.1,27000.0,82.0,North Andover, MA,1170.0,25.0
384,SUNY at Fredonia,61.41,71.0,25600.0,15400.0,84.0,62.0,45310.0,10030.0,No,4190.0,79.0,62.0,11.0,3700.0,4.2,23300.0,70.0,Fredonia, NY,1100.0,22.0
385,Longwood University,61.36,90.0,30500.0,22600.0,78.0,68.0,45950.0,14070.0,No,3620.0,69.0,74.0,12.0,4240.0,4.3,25000.0,72.0,Farmville, VA,1060.0,21.0
386,The College of Wooster,61.33,55.0,70600.0,29500.0,96.0,75.0,51870.0,12640.0,No,1940.0,98.0,88.0,30.0,26470.0,4.1,26000.0,70.0,Wooster, OH,1270.0,28.0
387,Lebanon Valley College,61.31,80.0,64000.0,29500.0,95.0,72.0,53370.0,23260.0,No,1670.0,98.0,85.0,16.0,25400.0,4.1,27000.0,80.0,Annville, PA,1160.0,24.0
388,University of Massachusetts-Dartmouth,61.31,75.0,33800.0,21800.0,73.0,55.0,60710.0,15690.0,No,6230.0,91.0,81.0,14.0,5100.0,4.4,25500.0,71.0,North Dartmouth, MA,1090.0,22.0
389,Carroll College,61.28,69.0,53400.0,25400.0,96.0,68.0,57150.0,15990.0,No,1170.0,98.0,80.0,34.0,17780.0,4.3,25602.0,71.0,Helena, MT,1180.0,24.0
390,Northeastern State University,61.25,100.0,19100.0,10300.0,77.0,34.0,40170.0,8090.0,Yes,5870.0,85.0,90.0,5.0,2770.0,4.6,17500.0,60.0,Tahlequah, OK,1000.0,21.0
391,University of Tulsa,61.21,36.0,65600.0,26800.0,94.0,73.0,54630.0,19530.0,No,3230.0,94.0,66.0,3.0,13130.0,4.2,23250.0,73.0,Tulsa, OK,1230.0,28.0
392,St. Bonaventure University,61.12,75.0,54300.0,25100.0,96.0,68.0,57840.0,13560.0,Yes,1790.0,99.0,70.0,17.0,14160.0,4.1,26000.0,76.0,Saint Bonaventure, NY,1140.0,23.0
393,Transylvania University,61.08,90.0,58200.0,27500.0,99.0,75.0,49990.0,22180.0,No,950.0,100.0,78.0,27.0,20510.0,4.1,27000.0,63.0,Lexington, KY,1220.0,27.0
394,Texas Tech University,60.97,69.0,27900.0,16300.0,70.0,59.0,58440.0,9030.0,No,31170.0,87.0,52.0,19.0,4170.0,4.5,22000.0,75.0,Lubbock, TX,1170.0,25.0
395,Lawrence University,60.92,62.0,66100.0,28100.0,98.0,81.0,48850.0,12920.0,No,1430.0,100.0,95.0,35.0,27670.0,4.2,25947.0,60.0,Appleton, WI,1320.0,29.0
396,University of Hawaii at Manoa,60.84,58.0,30700.0,16000.0,58.0,59.0,52860.0,10120.0,No,12260.0,97.0,72.0,27.0,12320.0,4.5,18575.0,71.0,Honolulu, HI,1170.0,24.0
397,Cabrini University,60.83,76.0,51100.0,23100.0,95.0,68.0,53140.0,16580.0,No,1510.0,100.0,73.5,17.0,10210.0,4.2,27000.0,72.0,Radnor, PA,1090.0,23.0
398,University of Idaho,60.77,78.0,22400.0,15800.0,65.0,59.0,48270.0,10820.0,No,7230.0,66.0,78.0,26.0,5010.0,4.4,22425.0,66.0,Moscow, ID,1130.0,24.0
399,The University of Alabama,60.76,83.0,31900.0,21700.0,67.0,71.0,52750.0,17520.0,No,31900.0,77.0,54.0,29.0,16650.0,4.3,23072.0,72.0,Tuscaloosa, AL,1210.0,27.0
400,University of North Texas,60.73,74.0,26100.0,14600.0,50.0,53.0,51230.0,6390.0,No,32160.0,69.0,54.0,12.0,7480.0,4.4,19200.0,70.0,Denton, TX,1160.0,24.0
401,Westmont College,60.69,65.0,68100.0,34200.0,97.0,74.0,60060.0,22360.0,Yes,1310.0,100.0,82.0,32.0,23880.0,4.0,23250.0,73.0,Santa Barbara, CA,1220.0,26.0
402,Augsburg University,60.57,76.0,56100.0,25700.0,97.0,63.0,53470.0,20990.0,No,2480.0,99.0,75.0,16.0,19130.0,4.3,25000.0,74.0,Minneapolis, MN,1180.0,21.0
403,Massachusetts College of Liberal Arts,60.55,82.0,28400.0,15600.0,88.0,55.0,47110.0,12320.0,No,1280.0,79.0,78.0,15.0,3750.0,4.2,23441.0,63.0,North Adams, MA,1070.0,22.0
404,Regis University,60.46,71.0,57900.0,29300.0,63.0,61.0,63630.0,20500.0,No,3390.0,90.0,76.0,21.0,15280.0,4.2,25000.0,83.0,Denver, CO,1140.0,24.0
405,Marian University,60.44,65.0,41400.0,25200.0,94.0,51.0,49090.0,18090.0,Yes,1320.0,98.0,60.0,7.0,6040.0,4.4,25268.0,74.0,Fond Du Lac, WI,980.0,20.0
406,Eastern Illinois University,60.43,53.0,25800.0,14300.0,65.0,57.0,47990.0,11020.0,Yes,4580.0,80.0,54.0,15.0,4210.0,4.3,21900.0,69.0,Charleston, IL,1040.0,21.0
407,Louisiana State University,60.41,75.0,34300.0,21500.0,81.0,64.0,56810.0,11320.0,No,23710.0,94.0,73.5,17.0,11700.0,4.5,20500.0,72.0,Baton Rouge, LA,1200.0,26.0
408,Oakland University,60.39,83.0,29200.0,15500.0,66.0,55.0,52910.0,8950.0,No,15240.0,71.0,45.0,19.0,5400.0,4.6,23977.0,70.0,Rochester Hills, MI,1130.0,24.0
409,Slippery Rock University of Pennsylvania,60.38,71.0,25300.0,19100.0,74.0,65.0,47390.0,14090.0,No,7370.0,66.0,62.0,13.0,3170.0,4.2,25000.0,72.0,Slippery Rock, PA,1090.0,22.0
410,Elon University,60.35,78.0,56100.0,41600.0,62.0,82.0,64240.0,27490.0,No,6280.0,89.0,61.0,29.0,7610.0,4.1,20500.0,81.0,Elon, NC,1240.0,28.0
411,University of Northwestern-St Paul,60.3,92.0,47000.0,25300.0,54.0,63.0,45100.0,19080.0,No,1780.0,98.0,71.0,21.0,11630.0,4.2,21413.0,67.0,Saint Paul, MN,1220.0,25.0
412,Eastern Connecticut State University,60.27,64.0,30700.0,20200.0,79.0,57.0,49910.0,15690.0,No,4430.0,90.0,68.0,13.0,4440.0,4.2,23700.0,65.0,Willimantic, CT,1170.0,25.0
413,University of Cincinnati,60.25,77.0,28900.0,24000.0,78.0,67.0,49480.0,15060.0,No,26610.0,73.0,42.0,17.0,5630.0,4.6,21537.0,70.0,Cincinnati, OH,1240.0,26.0
414,Texas State University,60.22,81.0,26700.0,14500.0,54.0,55.0,50670.0,10970.0,Yes,33920.0,80.0,58.0,5.0,3110.0,4.5,21218.0,72.0,San Marcos, TX,1100.0,22.0
415,Central Michigan University,60.2,70.0,27200.0,16600.0,80.0,61.0,49640.0,10810.0,No,14410.0,81.0,74.0,18.0,6770.0,4.6,27000.0,73.0,Mount Pleasant, MI,1100.0,23.0
416,University of South Carolina-Upstate,60.1,58.0,26100.0,15900.0,74.0,46.0,42950.0,12570.0,No,5240.0,94.0,73.5,17.0,11700.0,4.4,22169.0,66.0,Spartanburg, SC,1020.0,20.0
417,Bellarmine University,60.09,66.0,62800.0,25800.0,92.0,67.0,52310.0,21300.0,No,2480.0,97.0,81.0,21.0,28140.0,4.2,25000.0,71.0,Louisville, KY,1160.0,25.0
418,Austin College,60.08,51.0,59600.0,25400.0,100.0,70.0,57360.0,17370.0,No,1290.0,100.0,90.0,31.0,26020.0,4.1,24170.0,74.0,Sherman, TX,1210.0,27.0
419,Pepperdine University,59.99,32.0,80100.0,49200.0,92.0,83.0,72040.0,36260.0,No,3580.0,100.0,76.0,36.0,19200.0,4.1,25000.0,82.0,Malibu, CA,1340.0,30.0
420,DeSales University,59.96,79.0,58800.0,31500.0,82.0,71.0,56640.0,23830.0,No,2440.0,97.0,74.0,21.0,19390.0,4.1,25252.0,76.0,Center Valley, PA,1150.0,25.0
421,University of Kentucky,59.95,96.0,32400.0,20900.0,88.0,65.0,54460.0,12590.0,No,21860.0,45.0,58.0,31.0,8580.0,4.3,22974.0,72.0,Lexington, KY,1200.0,26.0
422,The University of the South,59.94,67.0,66400.0,38300.0,94.0,84.0,56400.0,23570.0,No,1670.0,97.0,88.0,48.0,20080.0,4.1,24238.0,68.0,Sewanee, TN,1250.0,28.0
423,Mount Saint Mary's University,59.89,90.0,67300.0,28900.0,56.0,59.0,68310.0,29530.0,No,2230.0,93.0,65.0,3.0,13830.0,4.4,25000.0,79.0,Los Angeles, CA,1050.0,20.0
424,Fordham University,59.75,46.0,81400.0,43900.0,82.0,83.0,74580.0,26200.0,No,9420.0,96.0,77.0,21.0,20260.0,4.1,25000.0,79.0,Bronx, NY,1350.0,30.0
425,Saint Ambrose University,59.74,77.0,50100.0,28000.0,93.0,66.0,54600.0,20730.0,No,2250.0,98.0,72.0,20.0,15810.0,4.1,25000.0,78.0,Davenport, IA,1170.0,23.0
426,Adelphi University,59.71,74.0,65400.0,31500.0,88.0,70.0,65380.0,26730.0,No,5280.0,96.0,46.0,20.0,17230.0,4.2,25000.0,79.0,Garden City, NY,1160.0,24.0
427,Scripps College,59.69,32.0,80500.0,42500.0,57.0,88.0,64910.0,17040.0,No,1080.0,99.0,100.0,18.0,20560.0,4.1,14829.0,81.0,Claremont, CA,1410.0,32.0
428,University of North Carolina at Charlotte,59.69,65.0,25600.0,16900.0,51.0,58.0,52250.0,12750.0,No,23640.0,73.0,53.0,3.0,5110.0,4.5,21668.0,71.0,Charlotte, NC,1210.0,24.0
429,Hendrix College,59.67,70.0,68200.0,21900.0,99.0,71.0,45630.0,12820.0,No,1100.0,100.0,92.0,27.0,35690.0,4.1,27000.0,65.0,Conway, AR,1260.0,29.0
430,Georgian Court University,59.62,71.0,52400.0,21900.0,84.0,52.0,46950.0,14300.0,No,1550.0,99.0,78.0,20.0,15660.0,4.2,21250.0,65.0,Lakewood, NJ,1060.0,22.0
431,Hilbert College,59.62,93.0,38500.0,18400.0,95.0,54.0,43690.0,13170.0,No,710.0,98.0,74.0,10.0,6020.0,4.0,26000.0,66.0,Hamburg, NY,1170.0,25.0
432,Mississippi State University,59.59,54.0,26600.0,17300.0,86.0,58.0,46140.0,13030.0,Yes,18390.0,95.0,55.0,13.0,4940.0,4.4,22500.0,64.0,Mississippi State, MS,1180.0,26.0
433,Texas Christian University,59.55,47.0,73800.0,42500.0,73.0,83.0,61330.0,25170.0,No,9440.0,95.0,69.0,34.0,19330.0,4.2,21500.0,81.0,Fort Worth, TX,1250.0,28.0
434,Dominican University of California,59.5,91.0,69500.0,39000.0,83.0,71.0,66570.0,25720.0,No,1440.0,92.0,67.0,15.0,20080.0,4.2,27000.0,82.0,San Rafael, CA,1130.0,23.0
435,Cornell College,59.47,62.0,62200.0,26400.0,99.0,76.0,49540.0,16810.0,No,1020.0,96.0,83.0,28.0,26640.0,4.0,27000.0,62.0,Mount Vernon, IA,1220.0,26.0
436,Kean University,59.47,69.0,31000.0,18400.0,66.0,49.0,50890.0,14410.0,No,11950.0,73.0,80.0,4.0,2970.0,4.6,23472.0,70.0,Union, NJ,1010.0,20.0
437,La Salle University,59.47,78.0,51000.0,26800.0,88.0,64.0,63560.0,24100.0,No,3550.0,98.0,72.0,21.0,13350.0,4.2,25500.0,79.0,Philadelphia, PA,1170.0,25.0
438,Agnes Scott College,59.44,65.0,61100.0,23000.0,97.0,69.0,48180.0,16530.0,No,970.0,100.0,87.0,24.0,30720.0,4.1,26737.0,57.0,Decatur, GA,1170.0,25.0
439,American University,59.32,36.0,71300.0,39400.0,44.0,80.0,71930.0,21110.0,No,7660.0,91.0,75.0,12.0,13850.0,4.1,23250.0,82.0,Washington, DC,1300.0,29.0
440,Graceland University-Lamoni,59.31,58.0,46400.0,19500.0,86.0,49.0,41640.0,16350.0,No,970.0,98.0,63.0,6.0,16560.0,4.3,20905.0,65.0,Lamoni, IA,1020.0,21.0
441,Northern Arizona University,59.29,85.0,29500.0,16600.0,77.0,51.0,46950.0,10520.0,No,26140.0,70.0,65.0,23.0,7230.0,4.3,19375.0,70.0,Flagstaff, AZ,1170.0,25.0
442,Virginia Commonwealth University,59.26,87.0,33900.0,21700.0,59.0,66.0,50110.0,14510.0,Yes,22070.0,82.0,52.0,9.0,8260.0,4.4,21500.0,70.0,Richmond, VA,1170.0,25.0
443,North Central College,59.23,54.0,57400.0,27500.0,98.0,68.0,54460.0,19430.0,Yes,2580.0,100.0,80.0,25.0,22320.0,4.2,24289.0,74.0,Naperville, IL,1150.0,24.0
444,Webster University,59.13,57.0,47900.0,24900.0,76.0,59.0,47660.0,18050.0,No,2750.0,88.0,63.0,6.0,13620.0,4.3,22500.0,65.0,Saint Louis, MO,1130.0,24.0
445,Duquesne University,59.09,74.0,60800.0,34200.0,97.0,69.0,66210.0,20520.0,Yes,5840.0,99.0,71.0,30.0,15470.0,4.1,26988.0,85.0,Pittsburgh, PA,1220.0,26.0
446,Covenant College,59.06,98.0,52200.0,27600.0,95.0,69.0,46180.0,19830.0,No,900.0,99.0,79.0,32.0,18610.0,4.2,23430.0,60.0,Lookout Mountain, GA,1220.0,26.0
447,University of Puget Sound,59.06,84.0,71600.0,40300.0,99.0,76.0,61840.0,24730.0,No,2300.0,99.0,84.0,47.0,21360.0,4.1,25962.0,69.0,Tacoma, WA,1170.0,25.0
448,Saint Michael's College,59.03,83.0,65800.0,32800.0,98.0,77.0,54400.0,22780.0,No,1550.0,100.0,82.0,31.0,22480.0,4.0,26472.0,73.0,Colchester, VT,1170.0,25.0
449,University of Arkansas,59.01,77.0,26900.0,17700.0,70.0,65.0,51700.0,12000.0,Yes,22770.0,82.0,59.0,29.0,3660.0,4.3,21500.0,70.0,Fayetteville, AR,1210.0,27.0
450,SUNY College at Potsdam,58.93,68.0,26400.0,15300.0,91.0,56.0,45990.0,9370.0,No,3060.0,81.0,80.0,13.0,3920.0,4.3,25500.0,62.0,Potsdam, NY,1170.0,25.0
451,Husson University,58.88,85.0,34500.0,20400.0,88.0,54.0,43580.0,14350.0,No,2640.0,91.0,77.0,15.0,5030.0,4.5,27000.0,65.0,Bangor, ME,1050.0,21.0
452,Bloomsburg University of Pennsylvania,58.81,84.0,26700.0,19300.0,72.0,59.0,52180.0,16110.0,No,7550.0,61.0,56.0,8.0,3180.0,4.4,26000.0,70.0,Bloomsburg, PA,1050.0,21.0
453,Wentworth Institute of Technology,58.6,69.0,57800.0,38800.0,84.0,66.0,75520.0,28920.0,No,4230.0,73.0,61.0,24.0,11310.0,4.3,26000.0,83.0,Boston, MA,1170.0,25.0
454,Clark University,58.49,53.0,61800.0,32300.0,91.0,76.0,54510.0,17790.0,No,2280.0,98.0,88.0,30.0,17800.0,4.1,26000.0,66.0,Worcester, MA,1170.0,25.0
455,Houghton College,58.49,81.0,49500.0,26800.0,97.0,71.0,43770.0,26520.0,No,920.0,95.0,59.0,6.0,14910.0,4.2,25000.0,56.0,Houghton, NY,1190.0,25.0
456,Union University,58.49,53.0,57600.0,28400.0,80.0,70.0,47830.0,36980.0,Yes,2040.0,80.0,86.0,11.0,15960.0,4.2,20834.0,71.0,Jackson, TN,1170.0,26.0
457,University of Denver,58.48,59.0,73900.0,40500.0,86.0,77.0,66000.0,20310.0,No,5760.0,99.0,84.0,45.0,20780.0,4.1,20948.0,76.0,Denver, CO,1260.0,29.0
458,University of North Carolina  Asheville,58.41,84.0,21400.0,14600.0,66.0,62.0,42030.0,8680.0,No,3290.0,91.0,73.0,17.0,2150.0,4.3,20987.0,57.0,Asheville, NC,1180.0,25.0
459,University of La Verne,58.27,55.0,66100.0,31700.0,86.0,69.0,56660.0,28260.0,No,4520.0,92.0,37.0,3.0,16590.0,4.2,24250.0,74.0,La Verne, CA,1120.0,22.0
460,Lipscomb University,58.25,63.0,55600.0,27900.0,78.0,65.0,47550.0,21460.0,No,2840.0,97.0,67.0,34.0,14470.0,4.2,19500.0,70.0,Nashville, TN,1190.0,26.0
461,University of the Cumberlands,58.25,80.0,25600.0,14500.0,74.0,32.0,41510.0,11480.0,No,3340.0,98.0,76.0,11.0,10470.0,4.3,15540.0,58.0,Williamsburg, KY,1040.0,21.0
462,Cazenovia College,58.23,94.0,55500.0,19200.0,88.0,59.0,46090.0,15400.0,No,810.0,100.0,83.0,22.0,21690.0,4.1,24981.0,65.0,Cazenovia, NY,1170.0,25.0
463,University of Colorado Boulder,58.22,78.0,32300.0,22400.0,50.0,70.0,60740.0,13140.0,No,30630.0,75.0,74.0,32.0,9440.0,4.4,19500.0,75.0,Boulder, CO,1250.0,28.0
464,Roger Williams University,58.16,85.0,59800.0,36800.0,93.0,68.0,64740.0,31600.0,No,4360.0,44.0,81.0,33.0,14640.0,4.1,26989.0,84.0,Bristol, RI,1170.0,25.0
465,Mount Holyoke College,58.14,38.0,76700.0,32900.0,76.0,82.0,52740.0,13960.0,No,2180.0,100.0,100.0,13.0,21790.0,4.1,21486.0,63.0,South Hadley, MA,1170.0,25.0
466,Mercer University,58.12,74.0,56400.0,22900.0,93.0,64.0,52840.0,16020.0,No,4810.0,99.0,84.0,30.0,21100.0,4.2,25000.0,69.0,Macon, GA,1260.0,28.0
467,Ashland University,58.1,71.0,38200.0,22100.0,69.0,61.0,48170.0,19730.0,No,2970.0,96.0,81.0,7.0,8800.0,4.2,25000.0,72.0,Ashland, OH,1100.0,22.0
468,The Evergreen State College,58.08,98.0,26200.0,15500.0,71.0,53.0,40780.0,9710.0,No,2530.0,93.0,63.0,3.0,2060.0,4.3,19089.0,53.0,Olympia, WA,1080.0,22.0
469,University of Mary Washington,58.07,75.0,30900.0,23800.0,72.0,66.0,54820.0,14590.0,No,4160.0,61.0,42.0,34.0,3520.0,4.2,20500.0,75.0,Fredericksburg, VA,1180.0,26.0
470,Kansas State University,58.05,95.0,26600.0,19500.0,67.0,63.0,51610.0,13440.0,No,16950.0,55.0,80.0,11.0,4840.0,4.5,21500.0,72.0,Manhattan, KS,1170.0,25.0
471,University of Alabama at Birmingham,58.05,74.0,28400.0,17900.0,68.0,57.0,46990.0,13440.0,No,13330.0,63.0,53.0,27.0,8590.0,4.5,22250.0,66.0,Birmingham, AL,1230.0,26.0
472,SUNY Buffalo State,58.02,67.0,26600.0,14200.0,78.0,47.0,45430.0,10480.0,No,7500.0,92.0,74.0,4.0,2070.0,4.4,21294.0,67.0,Buffalo, NY,980.0,21.0
473,Wartburg College,58.02,75.0,59300.0,24500.0,94.0,66.0,52860.0,16370.0,No,1480.0,100.0,85.0,23.0,27710.0,4.1,27000.0,78.0,Waverly, IA,1130.0,24.0
474,Massachusetts College of Art and Design,57.83,58.0,32800.0,24700.0,82.0,63.0,45220.0,16570.0,No,1850.0,77.0,59.0,11.0,2760.0,4.2,25581.0,61.0,Boston, MA,1170.0,25.0
475,Oklahoma City University,57.73,75.0,47800.0,26500.0,91.0,63.0,47650.0,14370.0,Yes,1580.0,97.0,64.0,23.0,20310.0,4.2,21047.0,66.0,Oklahoma City, OK,1200.0,26.0
476,Arcadia University,57.69,66.0,63700.0,31200.0,90.0,71.0,52010.0,23980.0,No,1990.0,100.0,83.0,15.0,17060.0,4.1,27000.0,69.0,Glenside, PA,1150.0,25.0
477,Keene State College,57.51,88.0,31100.0,21200.0,91.0,60.0,48500.0,14700.0,No,3310.0,79.0,69.0,21.0,5930.0,4.1,26000.0,72.0,Keene, NH,1170.0,25.0
478,Azusa Pacific University,57.46,67.0,56400.0,33100.0,92.0,67.0,57800.0,26550.0,No,5130.0,82.0,77.0,23.0,10970.0,4.3,23350.0,73.0,Azusa, CA,1150.0,23.0
479,Indiana Wesleyan University-Marion,57.46,67.0,41800.0,23000.0,92.0,65.0,54410.0,15830.0,Yes,2580.0,81.0,92.0,10.0,9800.0,4.2,24250.0,76.0,Marion, IN,1130.0,23.0
480,Willamette University,57.24,78.0,71500.0,40000.0,89.0,74.0,57040.0,25840.0,No,1480.0,97.0,67.0,32.0,21080.0,4.1,23000.0,71.0,Salem, OR,1170.0,25.0
481,Missouri State University-Springfield,57.2,88.0,23400.0,17700.0,60.0,54.0,45590.0,12380.0,Yes,15870.0,83.0,67.0,19.0,3860.0,4.5,22412.0,66.0,Springfield, MO,1140.0,24.0
482,Florida Agricultural and Mechanical University,57.16,36.0,24000.0,13600.0,82.0,48.0,42520.0,10630.0,Yes,7510.0,81.0,59.0,2.0,7270.0,4.7,25000.0,54.0,Tallahassee, FL,1100.0,21.0
483,Regent University,57.16,86.0,31100.0,15600.0,79.0,57.0,41710.0,20480.0,No,4120.0,69.0,44.0,14.0,8980.0,4.2,24313.0,57.0,Virginia Beach, VA,1110.0,22.0
484,College of Charleston,57.15,78.0,32000.0,21500.0,68.0,71.0,49530.0,14750.0,No,9290.0,72.0,52.0,23.0,12800.0,4.2,23000.0,68.0,Charleston, SC,1170.0,25.0
485,The Pennsylvania State University,57.15,76.0,38400.0,27000.0,60.0,69.0,58230.0,20390.0,No,74360.0,42.0,65.0,9.0,4780.0,4.3,25000.0,75.0,University Park, PA,1170.0,25.0
486,Siena Heights University,57.14,73.0,42900.0,20000.0,72.0,42.0,48320.0,18160.0,No,1970.0,94.0,66.0,20.0,11700.0,4.3,18750.0,75.0,Adrian, MI,1170.0,25.0
487,Iona College,57.11,84.0,62800.0,30700.0,89.0,66.0,68170.0,27450.0,No,2740.0,38.0,15.0,12.0,24680.0,4.1,26000.0,81.0,New Rochelle, NY,1080.0,23.0
488,Lancaster Bible College,57.06,96.0,41500.0,21900.0,90.0,50.0,39440.0,18210.0,No,1570.0,100.0,89.0,23.0,11070.0,4.3,20469.0,61.0,Lancaster, PA,1080.0,21.0
489,Northern Illinois University,57.06,48.0,28200.0,15200.0,82.0,45.0,52790.0,10400.0,No,12110.0,90.0,63.0,13.0,3980.0,4.5,22500.0,71.0,Dekalb, IL,1060.0,22.0
490,Gordon College,57.04,74.0,54300.0,29000.0,97.0,69.0,46750.0,20480.0,No,1480.0,100.0,77.0,30.0,18880.0,4.1,26310.0,62.0,Wenham, MA,1190.0,26.0
491,Ohio Wesleyan University,57.02,67.0,65000.0,28100.0,99.0,67.0,50240.0,22320.0,No,1490.0,100.0,84.0,28.0,27860.0,4.1,27000.0,67.0,Delaware, OH,1170.0,25.0
492,University of Memphis,57.02,85.0,27100.0,14500.0,89.0,47.0,43700.0,11080.0,No,15570.0,71.0,46.0,17.0,3360.0,4.6,24250.0,60.0,Memphis, TN,1120.0,23.0
493,Lakeland University,57.0,78.0,46700.0,24400.0,68.0,47.0,49590.0,21090.0,No,1710.0,86.0,63.0,9.0,7430.0,4.1,25000.0,75.0,Plymouth, WI,980.0,20.0
494,Baldwin Wallace University,56.97,73.0,55900.0,26700.0,95.0,64.0,49640.0,18190.0,No,2930.0,98.0,82.0,14.0,17460.0,4.2,27000.0,71.0,Berea, OH,1150.0,24.0
495,Berry College,56.93,71.0,56100.0,26000.0,99.0,66.0,45580.0,17990.0,No,1920.0,100.0,85.0,29.0,19130.0,4.1,23987.0,65.0,Mount Berry, GA,1210.0,27.0
496,California Baptist University,56.93,78.0,52200.0,29400.0,96.0,54.0,52940.0,21770.0,No,8170.0,78.0,31.0,9.0,13500.0,4.4,27000.0,71.0,Riverside, CA,1100.0,21.0
497,Tarleton State University,56.91,56.0,22500.0,16000.0,66.0,47.0,46640.0,16520.0,Yes,11350.0,93.0,51.0,17.0,11700.0,4.4,19500.0,70.0,Stephenville, TX,1050.0,21.0
498,University of Dallas,56.89,45.0,64100.0,29000.0,97.0,67.0,54700.0,15420.0,No,1470.0,98.0,81.0,36.0,22040.0,4.1,23250.0,71.0,Irving, TX,1250.0,27.0
499,Western Illinois University,56.89,57.0,27300.0,16200.0,90.0,46.0,49630.0,12270.0,No,5960.0,79.0,70.0,10.0,4720.0,4.4,25047.0,69.0,Macomb, IL,1050.0,22.0
500,University of Lynchburg,56.86,91.0,58900.0,25800.0,99.0,61.0,49490.0,17710.0,No,1850.0,99.0,79.0,21.0,21810.0,4.3,27000.0,68.0,Lynchburg, VA,1070.0,22.0
501,Southwestern University,56.75,49.0,61200.0,31500.0,97.0,74.0,57050.0,20540.0,No,1510.0,99.0,86.0,39.0,23700.0,4.1,26000.0,72.0,Georgetown, TX,1230.0,26.0
502,Pacific University,56.62,87.0,66200.0,33800.0,89.0,65.0,54440.0,21390.0,No,1770.0,100.0,85.0,19.0,21230.0,4.1,25000.0,71.0,Forest Grove, OR,1160.0,23.0
503,Concordia University-Nebraska,56.54,78.0,48900.0,23400.0,54.0,62.0,45780.0,17230.0,No,1210.0,100.0,82.0,8.0,16990.0,4.3,26000.0,64.0,Seward, NE,1200.0,23.0
504,Georgia College & State University,56.45,80.0,29000.0,22100.0,86.0,63.0,50170.0,16200.0,Yes,5760.0,41.0,67.0,4.0,2380.0,4.2,22500.0,75.0,Milledgeville, GA,1190.0,26.0
505,Hiram College,56.43,60.0,38900.0,21200.0,65.0,58.0,48090.0,15360.0,No,900.0,99.0,91.0,11.0,8470.0,4.2,25827.0,65.0,Hiram, OH,1010.0,22.0
506,Loyola Marymount University,56.32,44.0,73300.0,51500.0,84.0,83.0,68700.0,32730.0,No,6640.0,96.0,66.0,33.0,11700.0,4.1,19500.0,79.0,Los Angeles, CA,1320.0,29.0
507,Rochester Institute of Technology,56.29,71.0,69100.0,38600.0,86.0,66.0,66280.0,28320.0,No,12620.0,100.0,84.0,23.0,13080.0,4.8,27000.0,77.0,Rochester, NY,1320.0,30.0
508,Hampden-Sydney College,56.17,57.0,67000.0,35200.0,99.0,65.0,65450.0,25850.0,No,990.0,99.0,83.0,29.0,18650.0,4.1,27000.0,76.0,Hampden-Sydney, VA,1190.0,24.0
509,Goucher College,56.13,81.0,67800.0,31300.0,92.0,71.0,48030.0,16230.0,No,1440.0,100.0,87.0,26.0,22250.0,4.2,25306.0,59.0,Baltimore, MD,1150.0,26.0
510,Randolph-Macon College,56.08,71.0,61000.0,27500.0,100.0,66.0,53290.0,20450.0,No,1530.0,99.0,81.0,32.0,24270.0,4.1,27000.0,71.0,Ashland, VA,1150.0,23.0
511,Reed College,55.97,39.0,80300.0,35900.0,52.0,81.0,50780.0,18790.0,No,1430.0,99.0,100.0,17.0,11700.0,4.2,21020.0,59.0,Portland, OR,1420.0,32.0
512,Seton Hall University,55.9,74.0,66500.0,35500.0,93.0,70.0,68440.0,21250.0,No,5910.0,94.0,73.5,17.0,11700.0,4.1,23000.0,79.0,South Orange, NJ,1240.0,27.0
513,Southwestern College,55.83,52.0,50700.0,26400.0,64.0,47.0,50210.0,23060.0,Yes,1330.0,98.0,70.0,10.0,15420.0,4.2,23250.0,71.0,Winfield, KS,1000.0,21.0
514,Concordia University-Irvine,55.63,71.0,55900.0,31600.0,84.0,63.0,53140.0,23510.0,Yes,1720.0,87.0,66.0,17.0,14470.0,4.2,23949.0,72.0,Irvine, CA,1100.0,22.0
515,Samford University,55.63,83.0,52800.0,33100.0,95.0,76.0,53220.0,22240.0,No,3590.0,98.0,77.0,50.0,13210.0,4.2,19727.0,72.0,Birmingham, AL,1160.0,26.0
516,Elizabeth City State University,55.49,66.0,14800.0,3500.0,81.0,42.0,35270.0,2040.0,No,1620.0,94.0,73.5,17.0,11700.0,4.7,23000.0,48.0,Elizabeth City, NC,960.0,18.0
517,Southern Methodist University,55.44,47.0,81300.0,43800.0,71.0,78.0,72510.0,27430.0,No,6680.0,75.0,85.0,46.0,34200.0,4.1,20006.0,81.0,Dallas, TX,1390.0,31.0
518,Marymount University,55.43,81.0,54100.0,25600.0,82.0,57.0,60360.0,21230.0,No,2130.0,63.0,58.0,28.0,16370.0,4.3,25000.0,76.0,Arlington, VA,1070.0,21.0
519,West Virginia University,55.4,84.0,24800.0,13800.0,71.0,58.0,51780.0,10010.0,No,20270.0,74.0,73.5,16.0,4740.0,4.4,22786.0,68.0,Morgantown, WV,1130.0,24.0
520,Immaculata University,55.32,81.0,47800.0,30600.0,67.0,68.0,53420.0,25070.0,No,1300.0,69.0,55.0,19.0,9670.0,4.2,27000.0,77.0,Immaculata, PA,1050.0,21.0
521,The College of Idaho,55.29,49.0,48200.0,22500.0,99.0,68.0,45430.0,19110.0,No,1070.0,76.0,35.0,29.0,22900.0,4.1,24125.0,63.0,Caldwell, ID,1170.0,25.0
522,Western Michigan University,55.19,80.0,27800.0,19100.0,57.0,52.0,49650.0,13110.0,No,16800.0,78.0,55.0,11.0,5770.0,4.7,26000.0,68.0,Kalamazoo, MI,1110.0,23.0
523,Chatham University,55.14,62.0,56700.0,29900.0,79.0,62.0,42810.0,20350.0,No,1150.0,94.0,67.0,10.0,20250.0,4.2,22250.0,66.0,Pittsburgh, PA,1170.0,25.0
524,Winston-Salem State University,54.98,68.0,21400.0,12500.0,81.0,47.0,38580.0,10300.0,No,4530.0,85.0,71.0,1.0,4410.0,4.5,25000.0,58.0,Winston-Salem, NC,960.0,18.0
525,Butler University,54.97,73.0,63600.0,45000.0,93.0,72.0,66540.0,30120.0,No,4540.0,93.0,70.0,42.0,18530.0,4.1,26176.0,83.0,Indianapolis, IN,1240.0,27.0
526,Alverno College,54.96,69.0,46500.0,21200.0,93.0,38.0,47600.0,17790.0,No,1090.0,100.0,73.5,9.0,11200.0,4.6,27000.0,67.0,Milwaukee, WI,1170.0,25.0
527,Loyola University Chicago,54.93,67.0,65400.0,39800.0,89.0,74.0,63230.0,29260.0,Yes,12100.0,93.0,85.0,35.0,18990.0,4.1,24194.0,80.0,Chicago, IL,1230.0,28.0
528,Ohio University,54.85,82.0,31600.0,24600.0,64.0,63.0,47150.0,17610.0,No,20480.0,83.0,56.0,11.0,5420.0,4.3,20629.0,66.0,Athens, OH,1160.0,24.0
529,Rider University,54.82,71.0,67200.0,31000.0,93.0,65.0,56440.0,21220.0,No,3690.0,99.0,82.0,22.0,22450.0,4.1,26000.0,74.0,Lawrenceville, NJ,1120.0,23.0
530,Biola University,54.69,70.0,61400.0,36700.0,96.0,73.0,47700.0,27020.0,No,4030.0,99.0,55.0,31.0,11920.0,4.3,24273.0,68.0,La Mirada, CA,1200.0,25.0
531,Roanoke College,54.66,75.0,66700.0,29500.0,100.0,67.0,50770.0,20500.0,No,1950.0,95.0,86.0,24.0,24190.0,4.1,27000.0,74.0,Salem, VA,1160.0,25.0
532,Baylor University,54.65,45.0,69000.0,42400.0,90.0,79.0,60510.0,25980.0,No,13950.0,96.0,66.0,37.0,17280.0,4.2,23550.0,77.0,Waco, TX,1290.0,29.0
533,Lubbock Christian University,54.59,91.0,40900.0,26100.0,83.0,47.0,43730.0,24220.0,Yes,1330.0,96.0,64.0,16.0,6570.0,4.4,20837.0,67.0,Lubbock, TX,1070.0,22.0
534,North Carolina A & T State University,54.57,58.0,19000.0,10100.0,74.0,52.0,41160.0,7830.0,No,10710.0,74.0,60.0,4.0,6880.0,4.6,27000.0,53.0,Greensboro, NC,1060.0,20.0
535,University of Maine,54.49,90.0,27000.0,17300.0,88.0,59.0,44380.0,12220.0,No,8830.0,95.0,69.0,32.0,7610.0,4.4,25127.0,63.0,Orono, ME,1160.0,24.0
536,Carlow University,54.48,92.0,48500.0,22400.0,83.0,54.0,48450.0,16920.0,No,1290.0,89.0,58.0,9.0,11170.0,4.3,26998.0,67.0,Pittsburgh, PA,1070.0,22.0
537,Russell Sage College,54.37,85.0,51300.0,23500.0,95.0,62.0,51980.0,14560.0,No,1310.0,99.0,73.5,9.0,15970.0,4.1,22188.0,73.0,Troy, NY,1170.0,25.0
538,Georgia State University,54.33,76.0,31200.0,18700.0,79.0,53.0,43100.0,15200.0,No,27260.0,74.0,55.0,17.0,11700.0,4.6,21500.0,55.0,Atlanta, GA,1160.0,23.0
539,Woodbury University,54.33,66.0,61600.0,34400.0,91.0,52.0,57000.0,25500.0,No,1110.0,95.0,61.0,16.0,11050.0,4.5,27000.0,73.0,Burbank, CA,1080.0,22.0
540,Abilene Christian University,54.27,61.0,55200.0,30300.0,97.0,67.0,49290.0,24400.0,No,3500.0,98.0,67.0,34.0,16830.0,4.2,24000.0,70.0,Abilene, TX,1120.0,25.0
541,Cornerstone University,54.19,78.0,40700.0,21200.0,89.0,55.0,42830.0,17680.0,No,1440.0,100.0,66.0,25.0,10060.0,4.2,25125.0,60.0,Grand Rapids, MI,1070.0,23.0
542,Sacred Heart University,54.08,64.0,66500.0,45700.0,91.0,70.0,72190.0,36450.0,No,6070.0,99.0,59.0,34.0,14790.0,4.1,25561.0,79.0,Fairfield, CT,1170.0,25.0
543,Chestnut Hill College,53.99,65.0,60000.0,26300.0,88.0,60.0,46560.0,19440.0,No,1170.0,81.0,64.0,11.0,16810.0,4.1,27000.0,67.0,Philadelphia, PA,1010.0,25.0
544,Furman University,53.96,57.0,70100.0,39900.0,94.0,80.0,58340.0,21200.0,No,2670.0,100.0,83.0,33.0,19200.0,4.1,23731.0,74.0,Greenville, SC,1330.0,30.0
545,Bard College,53.95,65.0,78900.0,26900.0,76.0,74.0,43440.0,19330.0,No,1840.0,97.0,86.0,2.0,25310.0,4.2,25910.0,52.0,Annandale-On-Hudson, NY,1170.0,25.0
546,Murray State University,53.95,82.0,25000.0,12300.0,91.0,55.0,41890.0,9340.0,No,6800.0,92.0,43.0,17.0,8750.0,4.4,21500.0,57.0,Murray, KY,1140.0,25.0
547,Montana State University,53.92,82.0,23700.0,18600.0,60.0,56.0,49070.0,15990.0,No,14400.0,71.0,69.0,12.0,1880.0,4.6,22995.0,64.0,Bozeman, MT,1200.0,24.0
548,Xavier University,53.71,76.0,62000.0,36900.0,90.0,73.0,62020.0,29960.0,No,5010.0,59.0,67.0,13.0,19590.0,4.1,24536.0,80.0,Cincinnati, OH,1180.0,25.0
549,Gallaudet University,53.63,61.0,40300.0,19400.0,82.0,46.0,33840.0,14950.0,Yes,1060.0,96.0,41.0,6.0,8550.0,4.7,18935.0,45.0,Washington, DC,920.0,17.0
550,Plymouth State University,53.49,85.0,30600.0,21800.0,91.0,53.0,48110.0,15710.0,No,3780.0,96.0,59.0,25.0,5120.0,4.2,27000.0,71.0,Plymouth, NH,1170.0,25.0
551,Albertus Magnus College,53.26,83.0,59300.0,29000.0,87.0,58.0,55260.0,26630.0,No,1110.0,70.0,47.0,3.0,20260.0,4.2,30836.0,73.0,New Haven, CT,970.0,19.0
552,Saint Elizabeth University,53.08,74.0,55300.0,21200.0,74.0,49.0,45130.0,14840.0,No,780.0,97.0,73.0,7.0,17120.0,4.2,22250.0,63.0,Morristown, NJ,990.0,18.0
553,North Greenville University,53.06,63.0,40900.0,21800.0,95.0,63.0,40030.0,17740.0,Yes,1840.0,94.0,73.5,17.0,11700.0,4.2,22852.0,57.0,Tigerville, SC,1060.0,24.0
554,Minneapolis College of Art and Design,53.0,59.0,57200.0,31000.0,97.0,64.0,41180.0,22390.0,No,700.0,100.0,74.0,18.0,15450.0,4.1,26500.0,56.0,Minneapolis, MN,1130.0,23.0
555,Belmont University,52.91,84.0,58000.0,36300.0,77.0,72.0,49950.0,19080.0,No,6770.0,93.0,62.0,28.0,10310.0,4.2,20709.0,70.0,Nashville, TN,1230.0,27.0
556,The Master's University and Seminary,52.75,67.0,45200.0,31200.0,87.0,61.0,49160.0,24090.0,No,1130.0,94.0,73.5,17.0,11700.0,4.3,21000.0,67.0,Santa Clarita, CA,1170.0,25.0
557,Keuka College,52.69,72.0,52800.0,27600.0,95.0,53.0,52490.0,19210.0,No,1530.0,78.0,65.0,4.0,14860.0,5.8,26000.0,78.0,Keuka Park, NY,1170.0,25.0
558,Nazareth College,52.64,64.0,55200.0,33300.0,98.0,66.0,51950.0,21430.0,No,2260.0,40.0,84.0,20.0,22430.0,4.2,26000.0,75.0,Rochester, NY,1170.0,25.0
559,Chapman University,52.63,56.0,80500.0,46800.0,82.0,78.0,60840.0,34950.0,No,7290.0,91.0,70.0,8.0,18730.0,4.1,20500.0,78.0,Orange, CA,1290.0,28.0
560,Seton Hill University,52.42,76.0,55700.0,24300.0,96.0,65.0,47030.0,21200.0,No,1690.0,99.0,75.0,17.0,17080.0,4.2,27000.0,66.0,Greensburg, PA,1170.0,25.0
561,Bowie State University,52.23,80.0,24700.0,15100.0,64.0,41.0,49150.0,11100.0,No,5090.0,77.0,40.0,3.0,160.0,4.8,23000.0,64.0,Bowie, MD,950.0,19.0
562,Rhode Island School of Design,52.23,26.0,77600.0,42300.0,35.0,89.0,58130.0,34290.0,No,2010.0,94.0,62.0,17.0,11700.0,4.2,27000.0,70.0,Providence, RI,1350.0,29.0
563,Oberlin College,52.08,36.0,81500.0,45100.0,87.0,87.0,47920.0,8760.0,No,2850.0,99.0,100.0,34.0,18000.0,4.1,25986.0,58.0,Oberlin, OH,1380.0,31.0
564,Lewis & Clark College,52.05,72.0,73700.0,39600.0,92.0,75.0,52020.0,16860.0,No,1900.0,98.0,88.0,38.0,23110.0,4.1,22000.0,63.0,Portland, OR,1310.0,29.0
565,Whittier College,52.01,57.0,68300.0,30300.0,95.0,65.0,54870.0,20810.0,No,1770.0,82.0,82.0,18.0,26740.0,4.1,25000.0,67.0,Whittier, CA,1130.0,23.0
566,SUNY at Purchase College,52.0,52.0,28800.0,17500.0,67.0,62.0,45290.0,13900.0,No,3970.0,97.0,50.0,16.0,3550.0,4.2,21575.0,59.0,Purchase, NY,1160.0,27.0
567,Kent State University at Kent,51.72,86.0,28800.0,20100.0,81.0,57.0,42840.0,13790.0,Yes,21430.0,87.0,59.0,26.0,5220.0,4.2,25000.0,59.0,Kent, OH,1140.0,23.0
568,Millersville University of Pennsylvania,51.7,79.0,30100.0,22800.0,63.0,59.0,48420.0,17220.0,No,6600.0,77.0,59.0,6.0,3120.0,4.4,24194.0,71.0,Millersville, PA,1080.0,25.0
569,Cairn University-Langhorne,51.28,83.0,45400.0,24700.0,94.0,53.0,41010.0,21040.0,No,840.0,98.0,75.0,16.0,12010.0,4.5,27000.0,55.0,Langhorne, PA,1120.0,22.0
570,Erskine College,51.28,70.0,55500.0,37600.0,100.0,58.0,43890.0,38880.0,Yes,780.0,100.0,86.0,21.0,10730.0,4.1,27000.0,69.0,Due West, SC,1030.0,20.0
571,Fayetteville State University,51.27,69.0,18000.0,7400.0,67.0,35.0,36410.0,5370.0,No,5060.0,90.0,68.0,17.0,11700.0,4.4,22890.0,51.0,Fayetteville, NC,940.0,19.0
572,Art Center College of Design,51.0,71.0,72500.0,50600.0,76.0,68.0,66410.0,40210.0,No,2030.0,94.0,73.5,17.0,11700.0,4.6,31218.0,69.0,Pasadena, CA,1170.0,25.0
573,Kutztown University of Pennsylvania,51.0,90.0,29400.0,22900.0,80.0,54.0,46420.0,18730.0,No,6860.0,61.0,44.0,3.0,2350.0,4.3,26000.0,69.0,Kutztown, PA,1060.0,21.0
574,Bennington College,50.95,61.0,81000.0,37400.0,88.0,73.0,44200.0,23630.0,No,700.0,100.0,83.0,32.0,30220.0,4.2,26000.0,45.0,Bennington, VT,1170.0,25.0
575,Bowling Green State University,50.86,72.0,27800.0,18600.0,72.0,54.0,45560.0,14080.0,No,13770.0,89.0,78.0,27.0,4950.0,4.3,25000.0,64.0,Bowling Green, OH,990.0,22.0
576,North Carolina Wesleyan College,50.84,62.0,48000.0,17700.0,90.0,30.0,41990.0,16530.0,No,1820.0,100.0,70.0,4.0,7880.0,4.2,23828.0,57.0,Rocky Mount, NC,970.0,17.0
577,Prairie View A & M University,50.68,80.0,26400.0,14600.0,90.0,35.0,40350.0,13440.0,Yes,8110.0,83.0,70.0,3.0,7460.0,4.8,27330.0,54.0,Prairie View, TX,960.0,18.0
578,Marywood University,50.45,78.0,55900.0,22900.0,91.0,66.0,50540.0,18250.0,No,1730.0,99.0,78.0,17.0,18360.0,4.3,27000.0,71.0,Scranton, PA,1100.0,26.0
579,Rollins College,50.18,58.0,74600.0,35100.0,76.0,73.0,53360.0,26380.0,No,2600.0,100.0,79.0,40.0,23830.0,4.1,26000.0,64.0,Winter Park, FL,1170.0,25.0
580,Mercyhurst University,50.17,86.0,61200.0,28500.0,98.0,67.0,46420.0,23920.0,No,2380.0,100.0,50.0,17.0,15580.0,4.1,26000.0,60.0,Erie, PA,1170.0,25.0
581,Southern New Hampshire University,50.13,88.0,31600.0,43500.0,51.0,46.0,52020.0,45140.0,No,90200.0,55.0,62.0,21.0,13240.0,4.2,20867.0,61.0,Manchester, NH,1170.0,25.0
582,Emmanuel College,49.84,78.0,63500.0,33300.0,94.0,66.0,55160.0,22470.0,No,2000.0,100.0,76.0,21.0,21120.0,4.1,27000.0,73.0,Boston, MA,1170.0,24.0
583,Flagler College,49.77,65.0,38500.0,26700.0,91.0,56.0,44970.0,19260.0,No,2860.0,98.0,57.0,27.0,4080.0,4.2,23250.0,65.0,Saint Augustine, FL,1170.0,25.0
584,University of Miami,49.73,27.0,75800.0,33500.0,66.0,81.0,67360.0,44460.0,No,11090.0,70.0,97.0,31.0,23100.0,4.1,17500.0,76.0,Coral Gables, FL,1360.0,31.0
585,Columbia College,49.65,97.0,36300.0,21400.0,76.0,53.0,36590.0,18660.0,No,1100.0,94.0,69.0,6.0,6730.0,4.1,22258.0,53.0,Columbia, SC,1170.0,25.0
586,Birmingham Southern College,49.41,54.0,36800.0,22700.0,97.0,68.0,50780.0,17190.0,No,1210.0,89.0,65.0,19.0,8720.0,4.1,25800.0,69.0,Birmingham, AL,1210.0,26.0
587,Winthrop University,49.39,69.0,30900.0,20400.0,82.0,56.0,41500.0,17010.0,No,4440.0,94.0,56.0,15.0,3610.0,4.3,27000.0,62.0,Rock Hill, SC,1060.0,21.0
588,Florida Southern College,48.81,52.0,56600.0,28600.0,96.0,63.0,47120.0,22020.0,No,2670.0,99.0,75.0,31.0,24910.0,4.1,25000.0,73.0,Lakeland, FL,1190.0,27.0
589,Troy University,48.62,88.0,22500.0,14000.0,72.0,40.0,39340.0,14850.0,No,12600.0,68.0,73.5,4.0,4320.0,4.6,25000.0,53.0,Troy, AL,1010.0,21.0
590,Lesley University,48.13,75.0,52600.0,35600.0,85.0,58.0,46200.0,28580.0,No,2030.0,96.0,60.0,31.0,10720.0,4.3,21222.0,58.0,Cambridge, MA,1110.0,23.0
591,North Carolina Central University,47.88,68.0,25700.0,14100.0,83.0,45.0,36550.0,12250.0,No,5550.0,98.0,55.0,4.0,4360.0,4.6,29000.0,51.0,Durham, NC,970.0,18.0
592,Kansas City Art Institute,47.44,57.0,59900.0,31200.0,100.0,62.0,37120.0,25200.0,No,700.0,100.0,66.0,16.0,18810.0,4.3,27000.0,45.0,Kansas City, MO,1170.0,25.0
593,Emerson College,46.91,33.0,76600.0,50300.0,71.0,78.0,56680.0,34170.0,No,3870.0,94.0,53.0,23.0,13640.0,4.1,23250.0,72.0,Boston, MA,1310.0,29.0
594,Otis College of Art and Design,46.08,78.0,71500.0,49500.0,88.0,58.0,54530.0,40630.0,No,1120.0,100.0,73.5,5.0,1660.0,4.1,27000.0,66.0,Los Angeles, CA,1170.0,26.0
595,Mississippi Valley State University,44.88,65.0,20900.0,11700.0,89.0,28.0,29500.0,10530.0,Yes,1550.0,94.0,73.5,17.0,11700.0,4.5,30131.0,34.0,Itta Bena, MS,1170.0,19.0
596,Springfield College,44.77,68.0,58800.0,31000.0,98.0,73.0,45040.0,18710.0,No,2150.0,100.0,64.0,17.0,18400.0,4.1,26000.0,67.0,Springfield, MA,1120.0,24.0
597,Voorhees College,43.35,71.0,27100.0,17100.0,94.0,42.0,30900.0,15040.0,No,510.0,92.0,51.0,8.0,9580.0,4.2,27965.0,41.0,Denmark, SC,1170.0,25.0
598,Spelman College,42.42,43.0,56300.0,46400.0,78.0,74.0,52230.0,43250.0,No,2120.0,99.0,52.0,3.0,14070.0,4.2,26000.0,64.0,Atlanta, GA,1160.0,24.0
599,Sarah Lawrence College,42.31,53.0,76800.0,43700.0,80.0,73.0,50800.0,28570.0,No,1360.0,96.0,75.0,28.0,20740.0,4.1,23192.0,52.0,Bronxville, NY,1330.0,30.0
600,California College of the Arts,41.97,85.0,76800.0,46100.0,73.0,66.0,50390.0,29530.0,No,1460.0,98.0,58.0,37.0,14710.0,4.3,27000.0,60.0,San Francisco, CA,1170.0,25.0
601,Maryland Institute College of Art,41.37,64.0,69100.0,47600.0,96.0,69.0,44200.0,30320.0,No,1740.0,94.0,73.5,17.0,11700.0,4.2,27000.0,54.0,Baltimore, MD,1220.0,27.0
602,Lincoln University,41.28,83.0,24800.0,18400.0,94.0,46.0,38650.0,16420.0,Yes,2030.0,79.0,49.0,2.0,9270.0,4.4,29000.0,53.0,Lincoln University, PA,940.0,17.0
603,Morgan State University,40.92,68.0,24900.0,17600.0,75.0,38.0,43080.0,13270.0,No,6450.0,83.0,40.0,3.0,6380.0,4.7,27500.0,61.0,Baltimore, MD,710.0,18.0
604,Jackson State University,40.91,68.0,25900.0,15800.0,79.0,45.0,34950.0,15610.0,Yes,5140.0,80.0,50.0,4.0,8580.0,4.6,29250.0,44.0,Jackson, MS,980.0,19.0
605,Claflin University,40.7,55.0,34600.0,22000.0,95.0,51.0,33330.0,20750.0,Yes,1950.0,92.0,47.0,3.0,7700.0,4.3,30000.0,47.0,Orangeburg, SC,940.0,17.0
606,Howard University,40.69,36.0,50600.0,24500.0,91.0,63.0,56240.0,39400.0,No,6460.0,83.0,20.0,8.0,10580.0,4.2,25000.0,68.0,Washington, DC,1210.0,25.0
607,Alcorn State University,39.87,58.0,23400.0,18900.0,87.0,38.0,33440.0,16480.0,Yes,2880.0,87.0,34.0,31.0,4890.0,4.5,28180.0,42.0,Alcorn State, MS,890.0,20.0
608,Eckerd College,39.37,67.0,67500.0,46200.0,98.0,67.0,47640.0,28860.0,No,1990.0,99.0,84.0,28.0,17160.0,4.1,26940.0,59.0,Saint Petersburg, FL,1190.0,26.0
609,Virginia State University,39.3,95.0,24300.0,19400.0,91.0,38.0,41990.0,15820.0,Yes,4020.0,80.0,60.0,10.0,1000.0,4.5,27000.0,55.0,Petersburg, VA,920.0,18.0
610,Delaware State University,38.94,53.0,26600.0,15300.0,73.0,40.0,42990.0,14800.0,Yes,3930.0,70.0,77.0,3.0,4530.0,4.4,26000.0,61.0,Dover, DE,920.0,19.0
611,High Point University,38.31,75.0,58900.0,43000.0,81.0,64.0,48530.0,31260.0,No,4560.0,99.0,56.0,37.0,9430.0,4.1,23250.0,77.0,High Point, NC,1180.0,25.0
612,Xavier University of Louisiana,38.11,60.0,40500.0,20100.0,88.0,41.0,53550.0,17460.0,Yes,2500.0,95.0,36.0,17.0,11700.0,4.3,24000.0,61.0,New Orleans, LA,1080.0,23.0
613,Pratt Institute-Main,37.28,56.0,72300.0,50200.0,75.0,71.0,52210.0,40040.0,No,3640.0,47.0,57.0,40.0,19510.0,4.3,26000.0,68.0,Brooklyn, NY,1270.0,27.0
614,Savannah College of Art and Design,36.68,96.0,60200.0,48400.0,92.0,68.0,44070.0,40830.0,No,11990.0,97.0,41.0,43.0,10090.0,4.2,25000.0,58.0,Savannah, GA,1150.0,24.0
615,Ringling College of Art and Design,36.47,64.0,73700.0,56500.0,94.0,71.0,43800.0,47000.0,No,1650.0,100.0,55.0,39.0,11090.0,4.1,27000.0,60.0,Sarasota, FL,1170.0,25.0
616,Dillard University,35.72,39.0,36100.0,20100.0,94.0,41.0,37010.0,17740.0,No,1220.0,97.0,58.0,4.0,9490.0,4.4,31250.0,47.0,New Orleans, LA,1050.0,21.0
617,Hampton University,35.57,36.0,47500.0,30600.0,72.0,56.0,52370.0,29890.0,No,3710.0,95.0,50.0,2.0,6440.0,4.3,26000.0,67.0,Hampton, VA,1170.0,25.0
618,Morehouse College,33.31,100.0,51100.0,32600.0,76.0,56.0,51480.0,30050.0,No,2240.0,98.0,73.5,1.0,28810.0,4.4,25000.0,60.0,Atlanta, GA,1080.0,20.0
619,Oakwood University,33.21,65.0,38400.0,28900.0,86.0,49.0,37920.0,26050.0,No,1440.0,98.0,77.0,17.0,11700.0,4.6,27000.0,46.0,Huntsville, AL,980.0,20.0
620,West Virginia State University,26.79,95.0,25800.0,13100.0,36.0,29.0,34580.0,13760.0,Yes,1640.0,94.0,73.5,17.0,11700.0,4.5,23894.0,47.0,Institute, WV,970.0,20.0
621,School of the Art Institute of Chicago,23.31,57.0,74500.0,54500.0,89.0,63.0,39470.0,40790.0,No,2980.0,94.0,73.5,17.0,11700.0,4.4,27000.0,51.0,Chicago, IL,1240.0,26.0
622,Clark Atlanta University,20.0,55.0,39500.0,30700.0,86.0,46.0,39370.0,33220.0,No,3310.0,90.0,45.0,17.0,11700.0,4.4,27000.0,51.0,Atlanta, GA,1010.0,19.0
